{
  "thr": 0.885918140411377,
  "thr_by_cat": {
    "sexual": 0.885918140411377
  },
  "results": {
    "overall": {
      "acc": 0.8635216952573158,
      "prec": 0.84130859375,
      "rec": 0.888602372356885,
      "f1": 0.8643090042638576,
      "tp": 3446,
      "fp": 650,
      "tn": 3400,
      "fn": 432,
      "n": 7928
    },
    "cat::sexual": {
      "acc": 0.8635216952573158,
      "prec": 0.84130859375,
      "rec": 0.888602372356885,
      "f1": 0.8643090042638576,
      "tp": 3446,
      "fp": 650,
      "tn": 3400,
      "fn": 432,
      "n": 7928
    },
    "src::NudeNet": {
      "acc": 0.8635216952573158,
      "prec": 0.84130859375,
      "rec": 0.888602372356885,
      "f1": 0.8643090042638576,
      "tp": 3446,
      "fp": 650,
      "tn": 3400,
      "fn": 432,
      "n": 7928
    },
    "overall_probs": {
      "pr_auc": 0.9215745548016394,
      "roc_auc": 0.9385261589593719,
      "ece_15": 0.2601947525025,
      "recall_at_1pct_fpr": 0.27978339350180503,
      "recall_at_5pct_fpr": 0.6972666322846828,
      "fpr_at_90pct_recall": 0.17530864197530865,
      "fpr_at_95pct_recall": 0.26469135802469135
    },
    "cat_probs::sexual": {
      "pr_auc": 0.9215745548016394,
      "roc_auc": 0.9385261589593719,
      "ece_15": 0.2601947525025
    },
    "src_probs::NudeNet": {
      "pr_auc": 0.9215745548016394,
      "roc_auc": 0.9385261589593719,
      "ece_15": 0.2601947525025
    }
  },
  "meta": {
    "duration_sec": 543.3164876999945,
    "n_forward_calls": 11957,
    "gpu": {
      "name": "NVIDIA GeForce RTX 4070 Laptop GPU",
      "total_mem_bytes": 8585216000,
      "capability": "8.9"
    },
    "gpu_peak_alloc_bytes": 3606724096,
    "gpu_peak_reserved_bytes": 5077204992
  }
}