{
  "thr": 0.5613516569137573,
  "thr_by_cat": {
    "sexual": 0.5613516569137573
  },
  "results": {
    "overall": {
      "acc": 0.7281321524529804,
      "prec": 0.7226386806596702,
      "rec": 0.8838139689948324,
      "f1": 0.7951409718056389,
      "tp": 5302,
      "fp": 2035,
      "tn": 2015,
      "fn": 697,
      "n": 10049
    },
    "cat::sexual": {
      "acc": 0.7281321524529804,
      "prec": 0.7226386806596702,
      "rec": 0.8838139689948324,
      "f1": 0.7951409718056389,
      "tp": 5302,
      "fp": 2035,
      "tn": 2015,
      "fn": 697,
      "n": 10049
    },
    "src::NudeNet": {
      "acc": 0.7281321524529804,
      "prec": 0.7226386806596702,
      "rec": 0.8838139689948324,
      "f1": 0.7951409718056389,
      "tp": 5302,
      "fp": 2035,
      "tn": 2015,
      "fn": 697,
      "n": 10049
    },
    "overall_probs": {
      "pr_auc": 0.8775941805614749,
      "roc_auc": 0.8282733336214472,
      "ece_15": 0.13157400574080266,
      "recall_at_1pct_fpr": 0.18269711618603102,
      "recall_at_5pct_fpr": 0.4775795965994332,
      "fpr_at_90pct_recall": 0.5523456790123457,
      "fpr_at_95pct_recall": 0.7106172839506173
    },
    "cat_probs::sexual": {
      "pr_auc": 0.8775941805614749,
      "roc_auc": 0.8282733336214472,
      "ece_15": 0.13157400574080266
    },
    "src_probs::NudeNet": {
      "pr_auc": 0.8775941805614749,
      "roc_auc": 0.8282733336214472,
      "ece_15": 0.13157400574080266
    }
  },
  "meta": {
    "duration_sec": 555.0020987999997,
    "n_forward_calls": 15202,
    "gpu": {
      "name": "NVIDIA GeForce RTX 4070 Laptop GPU",
      "total_mem_bytes": 8585216000,
      "capability": "8.9"
    },
    "gpu_peak_alloc_bytes": 3724853248,
    "gpu_peak_reserved_bytes": 5093982208
  }
}