{
  "thr": 0.8898208113603855,
  "thr_by_cat": {
    "alcohol": 0.95,
    "violence": 0.8012167513370513,
    "smoking": 0.8792521967444309,
    "nudity": 0.95,
    "gambling": 0.95,
    "weapons": 0.8522053250046664,
    "sexy": 0.8364777565002441,
    "drugs": 0.95
  },
  "results": {
    "overall": {
      "acc": 0.8501455682553375,
      "prec": 0.19742120343839542,
      "rec": 0.19988395706411372,
      "f1": 0.19864494738359523,
      "tp": 689,
      "fp": 2801,
      "tn": 30848,
      "fn": 2758,
      "n": 37096
    },
    "cat::alcohol": {
      "acc": 0.8762130687944792,
      "prec": 0.0033003300330033004,
      "rec": 0.003663003663003663,
      "f1": 0.003472222222222222,
      "tp": 1,
      "fp": 302,
      "tn": 4062,
      "fn": 272,
      "n": 4637
    },
    "cat::drugs": {
      "acc": 0.8857019624757386,
      "prec": 0.0,
      "rec": 0.0,
      "f1": 0.0,
      "tp": 0,
      "fp": 303,
      "tn": 4107,
      "fn": 227,
      "n": 4637
    },
    "cat::gambling": {
      "acc": 0.8753504420961828,
      "prec": 0.006600660066006601,
      "rec": 0.007168458781362007,
      "f1": 0.006872852233676976,
      "tp": 2,
      "fp": 301,
      "tn": 4057,
      "fn": 277,
      "n": 4637
    },
    "cat::nudity": {
      "acc": 0.9327151175328876,
      "prec": 0.7491749174917491,
      "rec": 0.490280777537797,
      "f1": 0.5926892950391645,
      "tp": 227,
      "fp": 76,
      "tn": 4098,
      "fn": 236,
      "n": 4637
    },
    "cat::sexy": {
      "acc": 0.9215009704550355,
      "prec": 0.696917808219178,
      "rec": 0.6851851851851852,
      "f1": 0.6910016977928691,
      "tp": 407,
      "fp": 177,
      "tn": 3866,
      "fn": 187,
      "n": 4637
    },
    "cat::smoking": {
      "acc": 0.8084968729782187,
      "prec": 0.044585987261146494,
      "rec": 0.0457516339869281,
      "f1": 0.045161290322580636,
      "tp": 21,
      "fp": 450,
      "tn": 3728,
      "fn": 438,
      "n": 4637
    },
    "cat::violence": {
      "acc": 0.7308604701315505,
      "prec": 0.03671071953010279,
      "rec": 0.04051863857374392,
      "f1": 0.038520801232665644,
      "tp": 25,
      "fp": 656,
      "tn": 3364,
      "fn": 592,
      "n": 4637
    },
    "cat::weapons": {
      "acc": 0.7703256415786068,
      "prec": 0.01107011070110701,
      "rec": 0.011214953271028037,
      "f1": 0.011142061281337047,
      "tp": 6,
      "fp": 536,
      "tn": 3566,
      "fn": 529,
      "n": 4637
    },
    "src::Internal": {
      "acc": 0.8501455682553375,
      "prec": 0.19742120343839542,
      "rec": 0.19988395706411372,
      "f1": 0.19864494738359523,
      "tp": 689,
      "fp": 2801,
      "tn": 30848,
      "fn": 2758,
      "n": 37096
    },
    "overall_probs": {
      "pr_auc": 0.1431690277282931,
      "roc_auc": 0.5908945980433873,
      "ece_15": 0.5391356245129947,
      "recall_at_1pct_fpr": 0.006382361473745286,
      "recall_at_5pct_fpr": 0.1343196982883667,
      "fpr_at_90pct_recall": 0.881125739249309,
      "fpr_at_95pct_recall": 0.9418704864929122
    },
    "cat_probs::alcohol": {
      "pr_auc": 0.047064354854139234,
      "roc_auc": 0.43213664581675587,
      "ece_15": 0.5731824220113773
    },
    "cat_probs::drugs": {
      "pr_auc": 0.03202550976195667,
      "roc_auc": 0.3054411779396046,
      "ece_15": 0.5831026290417849
    },
    "cat_probs::gambling": {
      "pr_auc": 0.04262630236729444,
      "roc_auc": 0.34935873711429233,
      "ece_15": 0.5718884819639327
    },
    "cat_probs::nudity": {
      "pr_auc": 0.7297779624575994,
      "roc_auc": 0.9246073347194035,
      "ece_15": 0.5322076538423024
    },
    "cat_probs::sexy": {
      "pr_auc": 0.7749708920563242,
      "roc_auc": 0.9308446406517147,
      "ece_15": 0.5039566294730983
    },
    "cat_probs::smoking": {
      "pr_auc": 0.1089888530075516,
      "roc_auc": 0.5893530381675569,
      "ece_15": 0.5330702805405987
    },
    "cat_probs::violence": {
      "pr_auc": 0.11338275964739994,
      "roc_auc": 0.4585419740841981,
      "ece_15": 0.49899652595789445
    },
    "cat_probs::weapons": {
      "pr_auc": 0.0938687020379794,
      "roc_auc": 0.4329353814186834,
      "ece_15": 0.5166803732729689
    },
    "src_probs::Internal": {
      "pr_auc": 0.1431690277282931,
      "roc_auc": 0.5908945980433873,
      "ece_15": 0.5391356245129947
    }
  },
  "meta": {
    "duration_sec": 3714.439847100002,
    "n_forward_calls": 41224,
    "gpu": {
      "name": "NVIDIA GeForce RTX 4070 Laptop GPU",
      "total_mem_bytes": 8585216000,
      "capability": "8.9"
    },
    "gpu_peak_alloc_bytes": 0,
    "gpu_peak_reserved_bytes": 0
  }
}