{
  "thr": 0.8790063261985779,
  "thr_by_cat": {
    "alcohol": 0.9441072344779968,
    "violence": 0.6943164467811584,
    "smoking": 0.95,
    "nudity": 0.8029524683952332,
    "gambling": 0.95,
    "weapons": 0.8485920429229736,
    "sexy": 0.7314072251319885,
    "drugs": 0.9136642217636108
  },
  "results": {
    "overall": {
      "acc": 0.9536068578822514,
      "prec": 0.7461494580718768,
      "rec": 0.7589208006962577,
      "f1": 0.7524809434776357,
      "tp": 2616,
      "fp": 890,
      "tn": 32759,
      "fn": 831,
      "n": 37096
    },
    "cat::alcohol": {
      "acc": 0.9816691826612034,
      "prec": 0.8333333333333334,
      "rec": 0.8608058608058609,
      "f1": 0.8468468468468469,
      "tp": 235,
      "fp": 47,
      "tn": 4317,
      "fn": 38,
      "n": 4637
    },
    "cat::drugs": {
      "acc": 0.9553590683631659,
      "prec": 0.5344827586206896,
      "rec": 0.6828193832599119,
      "f1": 0.5996131528046421,
      "tp": 155,
      "fp": 135,
      "tn": 4275,
      "fn": 72,
      "n": 4637
    },
    "cat::gambling": {
      "acc": 0.9823161526849256,
      "prec": 0.7838616714697406,
      "rec": 0.974910394265233,
      "f1": 0.8690095846645368,
      "tp": 272,
      "fp": 75,
      "tn": 4283,
      "fn": 7,
      "n": 4637
    },
    "cat::nudity": {
      "acc": 0.9247358205736468,
      "prec": 0.6063432835820896,
      "rec": 0.7019438444924406,
      "f1": 0.6506506506506508,
      "tp": 325,
      "fp": 211,
      "tn": 3963,
      "fn": 138,
      "n": 4637
    },
    "cat::sexy": {
      "acc": 0.908992883329739,
      "prec": 0.6784232365145229,
      "rec": 0.5505050505050505,
      "f1": 0.6078066914498141,
      "tp": 327,
      "fp": 155,
      "tn": 3888,
      "fn": 267,
      "n": 4637
    },
    "cat::smoking": {
      "acc": 0.985982316152685,
      "prec": 0.9156118143459916,
      "rec": 0.9455337690631809,
      "f1": 0.9303322615219721,
      "tp": 434,
      "fp": 40,
      "tn": 4138,
      "fn": 25,
      "n": 4637
    },
    "cat::violence": {
      "acc": 0.9447918913090361,
      "prec": 0.8023450586264657,
      "rec": 0.7763371150729336,
      "f1": 0.7891268533772653,
      "tp": 479,
      "fp": 118,
      "tn": 3902,
      "fn": 138,
      "n": 4637
    },
    "cat::weapons": {
      "acc": 0.9450075479836101,
      "prec": 0.7811244979919679,
      "rec": 0.7271028037383177,
      "f1": 0.7531461761858663,
      "tp": 389,
      "fp": 109,
      "tn": 3993,
      "fn": 146,
      "n": 4637
    },
    "src::Internal": {
      "acc": 0.9536068578822514,
      "prec": 0.7461494580718768,
      "rec": 0.7589208006962577,
      "f1": 0.7524809434776357,
      "tp": 2616,
      "fp": 890,
      "tn": 32759,
      "fn": 831,
      "n": 37096
    },
    "overall_probs": {
      "pr_auc": 0.7559239422433807,
      "roc_auc": 0.9441720975469355,
      "ece_15": 0.22901475275669433,
      "recall_at_1pct_fpr": 0.491441833478387,
      "recall_at_5pct_fpr": 0.7708152016246012,
      "fpr_at_90pct_recall": 0.14784986180867188,
      "fpr_at_95pct_recall": 0.28491188445421856
    },
    "cat_probs::alcohol": {
      "pr_auc": 0.8764637482308706,
      "roc_auc": 0.9907820563182617,
      "ece_15": 0.24365915336440472
    },
    "cat_probs::drugs": {
      "pr_auc": 0.6356510324292876,
      "roc_auc": 0.9706084489596132,
      "ece_15": 0.28172956062021876
    },
    "cat_probs::gambling": {
      "pr_auc": 0.9566207244214658,
      "roc_auc": 0.9942288807631005,
      "ece_15": 0.29711282820464324
    },
    "cat_probs::nudity": {
      "pr_auc": 0.6939149638936299,
      "roc_auc": 0.9480014095278702,
      "ece_15": 0.26296254127888513
    },
    "cat_probs::sexy": {
      "pr_auc": 0.6541586318284814,
      "roc_auc": 0.8885355742268924,
      "ece_15": 0.13572754024560657
    },
    "cat_probs::smoking": {
      "pr_auc": 0.97265689193621,
      "roc_auc": 0.9924811049892006,
      "ece_15": 0.24796323776655724
    },
    "cat_probs::violence": {
      "pr_auc": 0.8270154651473663,
      "roc_auc": 0.9591576154881992,
      "ece_15": 0.17414843775218497
    },
    "cat_probs::weapons": {
      "pr_auc": 0.8014202351672939,
      "roc_auc": 0.9617601625831028,
      "ece_15": 0.18881472282105416
    },
    "src_probs::Internal": {
      "pr_auc": 0.7559239422433807,
      "roc_auc": 0.9441720975469355,
      "ece_15": 0.22901475275669433
    }
  },
  "meta": {
    "duration_sec": 2208.2609590000066,
    "n_forward_calls": 41224,
    "gpu": {
      "name": "NVIDIA GeForce RTX 4070 Laptop GPU",
      "total_mem_bytes": 8585216000,
      "capability": "8.9"
    },
    "gpu_peak_alloc_bytes": 2781192192,
    "gpu_peak_reserved_bytes": 3550478336
  }
}