{
  "thr": 0.8375481367111206,
  "thr_by_cat": {
    "alcohol": 0.8970552086830139,
    "violence": 0.6788163781166077,
    "smoking": 0.8378409147262573,
    "nudity": 0.5606356263160706,
    "gambling": 0.8075031638145447,
    "weapons": 0.7818399667739868,
    "sexy": 0.95,
    "drugs": 0.9
  },
  "results": {
    "overall": {
      "acc": 0.9076989432822946,
      "prec": 0.503509307293256,
      "rec": 0.47867711053089645,
      "f1": 0.49077929803688286,
      "tp": 1650,
      "fp": 1627,
      "tn": 32022,
      "fn": 1797,
      "n": 37096
    },
    "cat::alcohol": {
      "acc": 0.9322838041837395,
      "prec": 0.12727272727272726,
      "rec": 0.02564102564102564,
      "f1": 0.042682926829268296,
      "tp": 7,
      "fp": 48,
      "tn": 4316,
      "fn": 266,
      "n": 4637
    },
    "cat::drugs": {
      "acc": 0.9389691610955359,
      "prec": 0.18888888888888888,
      "rec": 0.07488986784140969,
      "f1": 0.10725552050473185,
      "tp": 17,
      "fp": 73,
      "tn": 4337,
      "fn": 210,
      "n": 4637
    },
    "cat::gambling": {
      "acc": 0.9475954280784991,
      "prec": 0.5687022900763359,
      "rec": 0.5340501792114696,
      "f1": 0.5508317929759705,
      "tp": 149,
      "fp": 113,
      "tn": 4245,
      "fn": 130,
      "n": 4637
    },
    "cat::nudity": {
      "acc": 0.8136726331679965,
      "prec": 0.27033218785796104,
      "rec": 0.509719222462203,
      "f1": 0.35329341317365265,
      "tp": 236,
      "fp": 637,
      "tn": 3537,
      "fn": 227,
      "n": 4637
    },
    "cat::sexy": {
      "acc": 0.9098555100280353,
      "prec": 0.6075794621026895,
      "rec": 0.8367003367003367,
      "f1": 0.7039660056657224,
      "tp": 497,
      "fp": 321,
      "tn": 3722,
      "fn": 97,
      "n": 4637
    },
    "cat::smoking": {
      "acc": 0.9402631011429804,
      "prec": 0.7808641975308642,
      "rec": 0.55119825708061,
      "f1": 0.6462324393358876,
      "tp": 253,
      "fp": 71,
      "tn": 4107,
      "fn": 206,
      "n": 4637
    },
    "cat::violence": {
      "acc": 0.8777226655164977,
      "prec": 0.5584112149532711,
      "rec": 0.3873581847649919,
      "f1": 0.4574162679425837,
      "tp": 239,
      "fp": 189,
      "tn": 3831,
      "fn": 378,
      "n": 4637
    },
    "cat::weapons": {
      "acc": 0.9012292430450722,
      "prec": 0.5901639344262295,
      "rec": 0.47102803738317756,
      "f1": 0.5239085239085238,
      "tp": 252,
      "fp": 175,
      "tn": 3927,
      "fn": 283,
      "n": 4637
    },
    "src::Internal": {
      "acc": 0.9076989432822946,
      "prec": 0.503509307293256,
      "rec": 0.47867711053089645,
      "f1": 0.49077929803688286,
      "tp": 1650,
      "fp": 1627,
      "tn": 32022,
      "fn": 1797,
      "n": 37096
    },
    "overall_probs": {
      "pr_auc": 0.45687427576240136,
      "roc_auc": 0.8442317096952606,
      "ece_15": 0.18247125737545655,
      "recall_at_1pct_fpr": 0.21496953872932986,
      "recall_at_5pct_fpr": 0.42616768204235567,
      "fpr_at_90pct_recall": 0.44354958542601564,
      "fpr_at_95pct_recall": 0.5963624476210289
    },
    "cat_probs::alcohol": {
      "pr_auc": 0.12800421233070647,
      "roc_auc": 0.7362385552119741,
      "ece_15": 0.15682890168440564
    },
    "cat_probs::drugs": {
      "pr_auc": 0.10161848610162155,
      "roc_auc": 0.6180866472874025,
      "ece_15": 0.18583404289353844
    },
    "cat_probs::gambling": {
      "pr_auc": 0.5801021758851722,
      "roc_auc": 0.9197200057242397,
      "ece_15": 0.16982897327684154
    },
    "cat_probs::nudity": {
      "pr_auc": 0.2528829116139216,
      "roc_auc": 0.7890530808325943,
      "ece_15": 0.19454355708102034
    },
    "cat_probs::sexy": {
      "pr_auc": 0.7787373108648203,
      "roc_auc": 0.9565766495026946,
      "ece_15": 0.3637444152116805
    },
    "cat_probs::smoking": {
      "pr_auc": 0.7325389333795832,
      "roc_auc": 0.9374558716630634,
      "ece_15": 0.13216962648053598
    },
    "cat_probs::violence": {
      "pr_auc": 0.49265676880005554,
      "roc_auc": 0.8434879895498197,
      "ece_15": 0.0936264805239174
    },
    "cat_probs::weapons": {
      "pr_auc": 0.5466854781086148,
      "roc_auc": 0.8814524029764373,
      "ece_15": 0.1631940618517127
    },
    "src_probs::Internal": {
      "pr_auc": 0.45687427576240136,
      "roc_auc": 0.8442317096952606,
      "ece_15": 0.18247125737545655
    }
  },
  "meta": {
    "duration_sec": 2058.815459099991,
    "n_forward_calls": 41224,
    "gpu": {
      "name": "NVIDIA GeForce RTX 4070 Laptop GPU",
      "total_mem_bytes": 8585216000,
      "capability": "8.9"
    },
    "gpu_peak_alloc_bytes": 4834381824,
    "gpu_peak_reserved_bytes": 5408555008
  }
}