{
  "thr": 0.7806797623634338,
  "thr_by_cat": {
    "alcohol": 0.9284332394599915,
    "violence": 0.6427575349807739,
    "smoking": 0.7829559445381165,
    "nudity": 0.7251832485198975,
    "gambling": 0.9390037655830383,
    "weapons": 0.733758270740509,
    "sexy": 0.7457016110420227,
    "drugs": 0.8304612636566162
  },
  "results": {
    "overall": {
      "acc": 0.9155973689885702,
      "prec": 0.5572463768115942,
      "rec": 0.44618508848273863,
      "f1": 0.4955695182858063,
      "tp": 1538,
      "fp": 1222,
      "tn": 32427,
      "fn": 1909,
      "n": 37096
    },
    "cat::alcohol": {
      "acc": 0.9762777657968514,
      "prec": 0.8075471698113208,
      "rec": 0.7838827838827839,
      "f1": 0.795539033457249,
      "tp": 214,
      "fp": 51,
      "tn": 4313,
      "fn": 59,
      "n": 4637
    },
    "cat::drugs": {
      "acc": 0.9316368341600173,
      "prec": 0.3448275862068966,
      "rec": 0.44052863436123346,
      "f1": 0.38684719535783363,
      "tp": 100,
      "fp": 190,
      "tn": 4220,
      "fn": 127,
      "n": 4637
    },
    "cat::gambling": {
      "acc": 0.9868449428509812,
      "prec": 0.9658119658119658,
      "rec": 0.8100358422939068,
      "f1": 0.8810916179337233,
      "tp": 226,
      "fp": 8,
      "tn": 4350,
      "fn": 53,
      "n": 4637
    },
    "cat::nudity": {
      "acc": 0.9070519732585723,
      "prec": 0.541025641025641,
      "rec": 0.4557235421166307,
      "f1": 0.4947245017584994,
      "tp": 211,
      "fp": 179,
      "tn": 3995,
      "fn": 252,
      "n": 4637
    },
    "cat::sexy": {
      "acc": 0.8494716411472935,
      "prec": 0.347953216374269,
      "rec": 0.20033670033670034,
      "f1": 0.25427350427350426,
      "tp": 119,
      "fp": 223,
      "tn": 3820,
      "fn": 475,
      "n": 4637
    },
    "cat::smoking": {
      "acc": 0.9432822945870175,
      "prec": 0.7722222222222223,
      "rec": 0.6056644880174292,
      "f1": 0.6788766788766789,
      "tp": 278,
      "fp": 82,
      "tn": 4096,
      "fn": 181,
      "n": 4637
    },
    "cat::violence": {
      "acc": 0.8524908345913306,
      "prec": 0.3772893772893773,
      "rec": 0.16693679092382496,
      "f1": 0.23146067415730337,
      "tp": 103,
      "fp": 170,
      "tn": 3850,
      "fn": 514,
      "n": 4637
    },
    "cat::weapons": {
      "acc": 0.8777226655164977,
      "prec": 0.4735973597359736,
      "rec": 0.5364485981308411,
      "f1": 0.5030674846625768,
      "tp": 287,
      "fp": 319,
      "tn": 3783,
      "fn": 248,
      "n": 4637
    },
    "src::Internal": {
      "acc": 0.9155973689885702,
      "prec": 0.5572463768115942,
      "rec": 0.44618508848273863,
      "f1": 0.4955695182858063,
      "tp": 1538,
      "fp": 1222,
      "tn": 32427,
      "fn": 1909,
      "n": 37096
    },
    "overall_probs": {
      "pr_auc": 0.5219089749539976,
      "roc_auc": 0.8615829547621794,
      "ece_15": 0.22989790753551248,
      "recall_at_1pct_fpr": 0.2790832608064984,
      "recall_at_5pct_fpr": 0.4763562518131709,
      "fpr_at_90pct_recall": 0.4085113970697495,
      "fpr_at_95pct_recall": 0.5475348450176826
    },
    "cat_probs::alcohol": {
      "pr_auc": 0.8413957582532128,
      "roc_auc": 0.9839697424482026,
      "ece_15": 0.17733658834496913
    },
    "cat_probs::drugs": {
      "pr_auc": 0.35555365465245964,
      "roc_auc": 0.8858761125595613,
      "ece_15": 0.34968208087114544
    },
    "cat_probs::gambling": {
      "pr_auc": 0.9522158594379223,
      "roc_auc": 0.991766470759498,
      "ece_15": 0.14095767016895355
    },
    "cat_probs::nudity": {
      "pr_auc": 0.4784471397235037,
      "roc_auc": 0.8951728327474098,
      "ece_15": 0.29299597209610706
    },
    "cat_probs::sexy": {
      "pr_auc": 0.2818965875703311,
      "roc_auc": 0.7123256640941529,
      "ece_15": 0.2762549038673555
    },
    "cat_probs::smoking": {
      "pr_auc": 0.7640663689385995,
      "roc_auc": 0.9439044752521508,
      "ece_15": 0.23143723688586654
    },
    "cat_probs::violence": {
      "pr_auc": 0.2870285802376973,
      "roc_auc": 0.7170504850141514,
      "ece_15": 0.16401905436064754
    },
    "cat_probs::weapons": {
      "pr_auc": 0.5135670913034591,
      "roc_auc": 0.85017292681482,
      "ece_15": 0.20651186383094342
    },
    "src_probs::Internal": {
      "pr_auc": 0.5219089749539976,
      "roc_auc": 0.8615829547621794,
      "ece_15": 0.22989790753551248
    }
  },
  "meta": {
    "duration_sec": 3548.9213964999944,
    "n_forward_calls": 41224,
    "gpu": {
      "name": "NVIDIA GeForce RTX 4070 Laptop GPU",
      "total_mem_bytes": 8585216000,
      "capability": "8.9"
    },
    "gpu_peak_alloc_bytes": 3129496064,
    "gpu_peak_reserved_bytes": 4353687552
  }
}