{
  "thr": 0.95,
  "thr_by_cat": {
    "alcohol": 0.95,
    "violence": 0.7509324550628662,
    "smoking": 0.95,
    "nudity": 0.9211870995602868,
    "gambling": 0.95,
    "weapons": 0.95,
    "sexy": 0.95,
    "drugs": 0.95
  },
  "results": {
    "overall": {
      "acc": 0.8533804183739486,
      "prec": 0.3615127919911012,
      "rec": 0.7542790832608065,
      "f1": 0.48876774132907225,
      "tp": 2600,
      "fp": 4592,
      "tn": 29057,
      "fn": 847,
      "n": 37096
    },
    "cat::alcohol": {
      "acc": 0.8423549708863489,
      "prec": 0.2668024439918534,
      "rec": 0.9597069597069597,
      "f1": 0.4175298804780877,
      "tp": 262,
      "fp": 720,
      "tn": 3644,
      "fn": 11,
      "n": 4637
    },
    "cat::drugs": {
      "acc": 0.8309251671339228,
      "prec": 0.21199586349534644,
      "rec": 0.9030837004405287,
      "f1": 0.34338358458961477,
      "tp": 205,
      "fp": 762,
      "tn": 3648,
      "fn": 22,
      "n": 4637
    },
    "cat::gambling": {
      "acc": 0.9029544964416649,
      "prec": 0.3780313837375178,
      "rec": 0.9498207885304659,
      "f1": 0.5408163265306123,
      "tp": 265,
      "fp": 436,
      "tn": 3922,
      "fn": 14,
      "n": 4637
    },
    "cat::nudity": {
      "acc": 0.8354539572999784,
      "prec": 0.16063348416289594,
      "rec": 0.15334773218142547,
      "f1": 0.1569060773480663,
      "tp": 71,
      "fp": 371,
      "tn": 3803,
      "fn": 392,
      "n": 4637
    },
    "cat::sexy": {
      "acc": 0.8246711235712745,
      "prec": 0.41570438799076215,
      "rec": 0.9090909090909091,
      "f1": 0.5705229793977813,
      "tp": 540,
      "fp": 759,
      "tn": 3284,
      "fn": 54,
      "n": 4637
    },
    "cat::smoking": {
      "acc": 0.8766443821436274,
      "prec": 0.4446620959843291,
      "rec": 0.9891067538126361,
      "f1": 0.6135135135135136,
      "tp": 454,
      "fp": 567,
      "tn": 3611,
      "fn": 5,
      "n": 4637
    },
    "cat::violence": {
      "acc": 0.7882251455682553,
      "prec": 0.33424159854677565,
      "rec": 0.5964343598055105,
      "f1": 0.4284051222351572,
      "tp": 368,
      "fp": 733,
      "tn": 3287,
      "fn": 249,
      "n": 4637
    },
    "cat::weapons": {
      "acc": 0.9258141039465172,
      "prec": 0.6406480117820325,
      "rec": 0.8130841121495327,
      "f1": 0.7166392092257002,
      "tp": 435,
      "fp": 244,
      "tn": 3858,
      "fn": 100,
      "n": 4637
    },
    "src::Internal": {
      "acc": 0.8533804183739486,
      "prec": 0.3615127919911012,
      "rec": 0.7542790832608065,
      "f1": 0.48876774132907225,
      "tp": 2600,
      "fp": 4592,
      "tn": 29057,
      "fn": 847,
      "n": 37096
    },
    "overall_probs": {
      "pr_auc": 0.5514696366522229,
      "roc_auc": 0.8648908931634135,
      "ece_15": 0.5234878321819972,
      "recall_at_1pct_fpr": 0.2982303452277343,
      "recall_at_5pct_fpr": 0.5659994197853205,
      "fpr_at_90pct_recall": 0.4474129989004131,
      "fpr_at_95pct_recall": 0.6130642812565009
    },
    "cat_probs::alcohol": {
      "pr_auc": 0.6687223709824339,
      "roc_auc": 0.9678375016367684,
      "ece_15": 0.5825047283023652
    },
    "cat_probs::drugs": {
      "pr_auc": 0.5171919958038984,
      "roc_auc": 0.9245327499575453,
      "ece_15": 0.6282795652155061
    },
    "cat_probs::gambling": {
      "pr_auc": 0.7260207031003549,
      "roc_auc": 0.9750173125352625,
      "ece_15": 0.5305193548472564
    },
    "cat_probs::nudity": {
      "pr_auc": 0.17497759788120335,
      "roc_auc": 0.726538656974524,
      "ece_15": 0.46601184870801093
    },
    "cat_probs::sexy": {
      "pr_auc": 0.619034122508962,
      "roc_auc": 0.9261818031914495,
      "ece_15": 0.6389670916052697
    },
    "cat_probs::smoking": {
      "pr_auc": 0.8643728315604813,
      "roc_auc": 0.9845320075799056,
      "ece_15": 0.5562151535712918
    },
    "cat_probs::violence": {
      "pr_auc": 0.40277853705011163,
      "roc_auc": 0.794394720078699,
      "ece_15": 0.3475194001658314
    },
    "cat_probs::weapons": {
      "pr_auc": 0.8003407450084898,
      "roc_auc": 0.9647598390573097,
      "ece_15": 0.4378855150404467
    },
    "src_probs::Internal": {
      "pr_auc": 0.5514696366522229,
      "roc_auc": 0.8648908931634135,
      "ece_15": 0.5234878321819972
    }
  },
  "meta": {
    "duration_sec": 3414.3045874999953,
    "n_forward_calls": 41224,
    "gpu": {
      "name": "NVIDIA GeForce RTX 4070 Laptop GPU",
      "total_mem_bytes": 8585216000,
      "capability": "8.9"
    },
    "gpu_peak_alloc_bytes": 3724885504,
    "gpu_peak_reserved_bytes": 4255121408
  }
}