{
  "thr": 0.7292834520339966,
  "thr_by_cat": {
    "alcohol": 0.8787314891815186,
    "violence": 0.3124893009662628,
    "smoking": 0.6798600554466248,
    "nudity": 0.8663457036018372,
    "gambling": 0.8974664211273193,
    "weapons": 0.46533164381980896,
    "sexy": 0.878112350785455,
    "drugs": 0.4952770173549652
  },
  "results": {
    "overall": {
      "acc": 0.9140608151822299,
      "prec": 0.5358825159323912,
      "rec": 0.5610675950101538,
      "f1": 0.5481859410430839,
      "tp": 1934,
      "fp": 1675,
      "tn": 31974,
      "fn": 1513,
      "n": 37096
    },
    "cat::alcohol": {
      "acc": 0.9540651283157213,
      "prec": 0.6470588235294118,
      "rec": 0.4835164835164835,
      "f1": 0.5534591194968553,
      "tp": 132,
      "fp": 72,
      "tn": 4292,
      "fn": 141,
      "n": 4637
    },
    "cat::drugs": {
      "acc": 0.9497519948242398,
      "prec": 0.490625,
      "rec": 0.6916299559471366,
      "f1": 0.5740402193784279,
      "tp": 157,
      "fp": 163,
      "tn": 4247,
      "fn": 70,
      "n": 4637
    },
    "cat::gambling": {
      "acc": 0.9810222126374811,
      "prec": 0.825938566552901,
      "rec": 0.8673835125448028,
      "f1": 0.8461538461538461,
      "tp": 242,
      "fp": 51,
      "tn": 4307,
      "fn": 37,
      "n": 4637
    },
    "cat::nudity": {
      "acc": 0.8813888289842571,
      "prec": 0.42833607907743,
      "rec": 0.5615550755939525,
      "f1": 0.48598130841121495,
      "tp": 260,
      "fp": 347,
      "tn": 3827,
      "fn": 203,
      "n": 4637
    },
    "cat::sexy": {
      "acc": 0.8307095104593487,
      "prec": 0.2834467120181406,
      "rec": 0.21043771043771045,
      "f1": 0.24154589371980675,
      "tp": 125,
      "fp": 316,
      "tn": 3727,
      "fn": 469,
      "n": 4637
    },
    "cat::smoking": {
      "acc": 0.9469484580547768,
      "prec": 0.7084148727984344,
      "rec": 0.7886710239651417,
      "f1": 0.7463917525773196,
      "tp": 362,
      "fp": 149,
      "tn": 4029,
      "fn": 97,
      "n": 4637
    },
    "cat::violence": {
      "acc": 0.8447271943066638,
      "prec": 0.42503639010189226,
      "rec": 0.473257698541329,
      "f1": 0.4478527607361963,
      "tp": 292,
      "fp": 395,
      "tn": 3625,
      "fn": 325,
      "n": 4637
    },
    "cat::weapons": {
      "acc": 0.9238731938753505,
      "prec": 0.6666666666666666,
      "rec": 0.680373831775701,
      "f1": 0.6734505087881592,
      "tp": 364,
      "fp": 182,
      "tn": 3920,
      "fn": 171,
      "n": 4637
    },
    "src::Internal": {
      "acc": 0.9140608151822299,
      "prec": 0.5358825159323912,
      "rec": 0.5610675950101538,
      "f1": 0.5481859410430839,
      "tp": 1934,
      "fp": 1675,
      "tn": 31974,
      "fn": 1513,
      "n": 37096
    },
    "overall_probs": {
      "pr_auc": 0.5189254540006004,
      "roc_auc": 0.8999575930645233,
      "ece_15": 0.09562478659939058,
      "recall_at_1pct_fpr": 0.2399187699448796,
      "recall_at_5pct_fpr": 0.48447925732521036,
      "fpr_at_90pct_recall": 0.2565900918303664,
      "fpr_at_95pct_recall": 0.3450622603940682
    },
    "cat_probs::alcohol": {
      "pr_auc": 0.6134318266187972,
      "roc_auc": 0.9636528305180917,
      "ece_15": 0.04994244791497712
    },
    "cat_probs::drugs": {
      "pr_auc": 0.557911312089333,
      "roc_auc": 0.9570609447890758,
      "ece_15": 0.042253135587397905
    },
    "cat_probs::gambling": {
      "pr_auc": 0.9168948850198498,
      "roc_auc": 0.9919334277503903,
      "ece_15": 0.045454797473470275
    },
    "cat_probs::nudity": {
      "pr_auc": 0.4314497724964903,
      "roc_auc": 0.8725008563761473,
      "ece_15": 0.26978147588016244
    },
    "cat_probs::sexy": {
      "pr_auc": 0.25937634393329045,
      "roc_auc": 0.6612301596224426,
      "ece_15": 0.27482388357794096
    },
    "cat_probs::smoking": {
      "pr_auc": 0.7951560614652059,
      "roc_auc": 0.9700842466660619,
      "ece_15": 0.06862970472555784
    },
    "cat_probs::violence": {
      "pr_auc": 0.4249694646213446,
      "roc_auc": 0.8370957207479621,
      "ece_15": 0.05754265599294145
    },
    "cat_probs::weapons": {
      "pr_auc": 0.6668872918198326,
      "roc_auc": 0.9490647370555506,
      "ece_15": 0.028479219081559006
    },
    "src_probs::Internal": {
      "pr_auc": 0.5189254540006004,
      "roc_auc": 0.8999575930645233,
      "ece_15": 0.09562478659939058
    }
  },
  "meta": {
    "duration_sec": 3272.374262199999,
    "n_forward_calls": 41224,
    "gpu": {
      "name": "NVIDIA GeForce RTX 4070 Laptop GPU",
      "total_mem_bytes": 8585216000,
      "capability": "8.9"
    },
    "gpu_peak_alloc_bytes": 4240785408,
    "gpu_peak_reserved_bytes": 4773117952
  }
}