{
  "thr": 0.1,
  "thr_by_cat": {
    "alcohol": 0.9459995003633721,
    "drugs": 0.95,
    "weapons": 0.81982421875,
    "gambling": 0.9430471021075582,
    "nudity": 0.7802734375,
    "sexy": 0.7490234375,
    "smoking": 0.8696771666061047,
    "violence": 0.7929375227107557
  },
  "results": {
    "overall": {
      "acc": 0.8546204442527496,
      "prec": 0.24218335983041867,
      "rec": 0.26515810850014504,
      "f1": 0.25315053316715136,
      "tp": 914,
      "fp": 2860,
      "tn": 30789,
      "fn": 2533,
      "n": 37096
    },
    "cat::alcohol": {
      "acc": 0.8798792322622385,
      "prec": 0.0,
      "rec": 0.0,
      "f1": 0.0,
      "tp": 0,
      "fp": 284,
      "tn": 4080,
      "fn": 273,
      "n": 4637
    },
    "cat::drugs": {
      "acc": 0.8915246926892387,
      "prec": 0.0,
      "rec": 0.0,
      "f1": 0.0,
      "tp": 0,
      "fp": 276,
      "tn": 4134,
      "fn": 227,
      "n": 4637
    },
    "cat::gambling": {
      "acc": 0.8772913521673495,
      "prec": 0.003424657534246575,
      "rec": 0.0035842293906810036,
      "f1": 0.0035026269702276708,
      "tp": 1,
      "fp": 291,
      "tn": 4067,
      "fn": 278,
      "n": 4637
    },
    "cat::nudity": {
      "acc": 0.9294802674142765,
      "prec": 0.6086261980830671,
      "rec": 0.8228941684665226,
      "f1": 0.699724517906336,
      "tp": 381,
      "fp": 245,
      "tn": 3929,
      "fn": 82,
      "n": 4637
    },
    "cat::sexy": {
      "acc": 0.9316368341600173,
      "prec": 0.7095310136157338,
      "rec": 0.7895622895622896,
      "f1": 0.7474103585657371,
      "tp": 469,
      "fp": 192,
      "tn": 3851,
      "fn": 125,
      "n": 4637
    },
    "cat::smoking": {
      "acc": 0.8054776795341816,
      "prec": 0.02771855010660981,
      "rec": 0.02832244008714597,
      "f1": 0.02801724137931035,
      "tp": 13,
      "fp": 456,
      "tn": 3722,
      "fn": 446,
      "n": 4637
    },
    "cat::violence": {
      "acc": 0.7494069441449213,
      "prec": 0.049586776859504134,
      "rec": 0.04862236628849271,
      "f1": 0.0490998363338789,
      "tp": 30,
      "fp": 575,
      "tn": 3445,
      "fn": 587,
      "n": 4637
    },
    "cat::weapons": {
      "acc": 0.7722665516497735,
      "prec": 0.035650623885918005,
      "rec": 0.037383177570093455,
      "f1": 0.03649635036496351,
      "tp": 20,
      "fp": 541,
      "tn": 3561,
      "fn": 515,
      "n": 4637
    },
    "src::Internal": {
      "acc": 0.8546204442527496,
      "prec": 0.24218335983041867,
      "rec": 0.26515810850014504,
      "f1": 0.25315053316715136,
      "tp": 914,
      "fp": 2860,
      "tn": 30789,
      "fn": 2533,
      "n": 37096
    },
    "overall_probs": {
      "pr_auc": 0.7091678052158795,
      "roc_auc": 0.6556633448645527,
      "ece_15": 0.32790071192501385,
      "recall_at_1pct_fpr": 0.12853049529267294,
      "recall_at_5pct_fpr": 0.21326238231682357,
      "fpr_at_90pct_recall": 0.8231540565177757,
      "fpr_at_95pct_recall": 0.9010938924339107
    },
    "cat_probs::alcohol": {
      "pr_auc": 0.03875627612809951,
      "roc_auc": 0.30743546096433355,
      "ece_15": 0.24992887239042788
    },
    "cat_probs::drugs": {
      "pr_auc": 0.030669766426708624,
      "roc_auc": 0.26758368545656147,
      "ece_15": 0.2503601857395761
    },
    "cat_probs::gambling": {
      "pr_auc": 0.04836082836551271,
      "roc_auc": 0.43938638782381845,
      "ece_15": 0.23742078526513133
    },
    "cat_probs::nudity": {
      "pr_auc": 0.8270341926192721,
      "roc_auc": 0.9522879472948345,
      "ece_15": 0.13087369266038623
    },
    "cat_probs::sexy": {
      "pr_auc": 0.8412089464291773,
      "roc_auc": 0.9567309253804431,
      "ece_15": 0.102622668291182
    },
    "cat_probs::smoking": {
      "pr_auc": 0.1106115191363455,
      "roc_auc": 0.5961210344464364,
      "ece_15": 0.20492638939023916
    },
    "cat_probs::violence": {
      "pr_auc": 0.13363897707445624,
      "roc_auc": 0.5410036527250296,
      "ece_15": 0.2205478091524777
    },
    "cat_probs::weapons": {
      "pr_auc": 0.11096256533082048,
      "roc_auc": 0.5184530454713224,
      "ece_15": 0.21885456729351715
    },
    "src_probs::Internal": {
      "pr_auc": 0.1549406981861369,
      "roc_auc": 0.6215079101690284,
      "ece_15": 0.19232158319482728
    }
  },
  "meta": {
    "duration_sec": 546.6146556999884,
    "n_forward_calls": 5153,
    "gpu": {
      "name": "NVIDIA GeForce RTX 4070 Laptop GPU",
      "total_mem_bytes": 8585216000,
      "capability": "8.9"
    },
    "gpu_peak_alloc_bytes": 3155956224,
    "gpu_peak_reserved_bytes": 6561988608
  }
}