{
  "thr": 0.49951171875,
  "thr_by_cat": {
    "sexual": 0.49951171875
  },
  "results": {
    "overall": {
      "acc": 0.9525731584258325,
      "prec": 0.9724770642201835,
      "rec": 0.9293450232078391,
      "f1": 0.95042194092827,
      "tp": 3604,
      "fp": 102,
      "tn": 3948,
      "fn": 274,
      "n": 7928
    },
    "cat::sexual": {
      "acc": 0.9525731584258325,
      "prec": 0.9724770642201835,
      "rec": 0.9293450232078391,
      "f1": 0.95042194092827,
      "tp": 3604,
      "fp": 102,
      "tn": 3948,
      "fn": 274,
      "n": 7928
    },
    "src::NudeNet": {
      "acc": 0.9525731584258325,
      "prec": 0.9724770642201835,
      "rec": 0.9293450232078391,
      "f1": 0.95042194092827,
      "tp": 3604,
      "fp": 102,
      "tn": 3948,
      "fn": 274,
      "n": 7928
    },
    "overall_probs": {
      "pr_auc": 0.9873965256539137,
      "roc_auc": 0.9839840442126845,
      "ece_15": 0.10113282497186594,
      "recall_at_1pct_fpr": 0.8904074265085096,
      "recall_at_5pct_fpr": 0.9502320783909232,
      "fpr_at_90pct_recall": 0.012345679012345678,
      "fpr_at_95pct_recall": 0.04987654320987654
    },
    "cat_probs::sexual": {
      "pr_auc": 0.9873965256539137,
      "roc_auc": 0.9839840442126845,
      "ece_15": 0.10113282497186594
    },
    "src_probs::NudeNet": {
      "pr_auc": 0.9873965256539137,
      "roc_auc": 0.9839840442126845,
      "ece_15": 0.10113282497186594
    }
  },
  "meta": {
    "duration_sec": 887.1808779999992,
    "n_forward_calls": 11957,
    "gpu": {
      "name": "NVIDIA GeForce RTX 4070 Laptop GPU",
      "total_mem_bytes": 8585216000,
      "capability": "8.9"
    },
    "gpu_peak_alloc_bytes": 4072668672,
    "gpu_peak_reserved_bytes": 7633633280
  }
}