{
  "thr": 0.5728119611740112,
  "thr_by_cat": {
    "sexual": 0.5728119611740112
  },
  "results": {
    "overall": {
      "acc": 0.9497981836528759,
      "prec": 0.9554973821989529,
      "rec": 0.9412068076328004,
      "f1": 0.9482982592881268,
      "tp": 3650,
      "fp": 170,
      "tn": 3880,
      "fn": 228,
      "n": 7928
    },
    "cat::sexual": {
      "acc": 0.9497981836528759,
      "prec": 0.9554973821989529,
      "rec": 0.9412068076328004,
      "f1": 0.9482982592881268,
      "tp": 3650,
      "fp": 170,
      "tn": 3880,
      "fn": 228,
      "n": 7928
    },
    "src::NudeNet": {
      "acc": 0.9497981836528759,
      "prec": 0.9554973821989529,
      "rec": 0.9412068076328004,
      "f1": 0.9482982592881268,
      "tp": 3650,
      "fp": 170,
      "tn": 3880,
      "fn": 228,
      "n": 7928
    },
    "overall_probs": {
      "pr_auc": 0.9897818973167445,
      "roc_auc": 0.9885322713120546,
      "ece_15": 0.22047090379466747,
      "recall_at_1pct_fpr": 0.8769984528107272,
      "recall_at_5pct_fpr": 0.9468798349664775,
      "fpr_at_90pct_recall": 0.015061728395061728,
      "fpr_at_95pct_recall": 0.05333333333333334
    },
    "cat_probs::sexual": {
      "pr_auc": 0.9897818973167445,
      "roc_auc": 0.9885322713120546,
      "ece_15": 0.22047090379466747
    },
    "src_probs::NudeNet": {
      "pr_auc": 0.9897818973167445,
      "roc_auc": 0.9885322713120546,
      "ece_15": 0.22047090379466747
    }
  },
  "meta": {
    "duration_sec": 172.0454654,
    "n_forward_calls": 11957,
    "gpu": {
      "name": "NVIDIA GeForce RTX 4070 Laptop GPU",
      "total_mem_bytes": 8585216000,
      "capability": "8.9"
    },
    "gpu_peak_alloc_bytes": 2274334208,
    "gpu_peak_reserved_bytes": 2879389696
  }
}