{
  "thr": 0.24302999675273895,
  "thr_by_cat": {
    "sexual": 0.24302999675273895
  },
  "results": {
    "overall": {
      "acc": 0.9640514631685166,
      "prec": 0.951041928194828,
      "rec": 0.9767921609076844,
      "f1": 0.9637450706017047,
      "tp": 3788,
      "fp": 195,
      "tn": 3855,
      "fn": 90,
      "n": 7928
    },
    "cat::sexual": {
      "acc": 0.9640514631685166,
      "prec": 0.951041928194828,
      "rec": 0.9767921609076844,
      "f1": 0.9637450706017047,
      "tp": 3788,
      "fp": 195,
      "tn": 3855,
      "fn": 90,
      "n": 7928
    },
    "src::NudeNet": {
      "acc": 0.9640514631685166,
      "prec": 0.951041928194828,
      "rec": 0.9767921609076844,
      "f1": 0.9637450706017047,
      "tp": 3788,
      "fp": 195,
      "tn": 3855,
      "fn": 90,
      "n": 7928
    },
    "overall_probs": {
      "pr_auc": 0.9941702576291509,
      "roc_auc": 0.9941487593834163,
      "ece_15": 0.010276371689327189,
      "recall_at_1pct_fpr": 0.9022692109334709,
      "recall_at_5pct_fpr": 0.9773078906652913,
      "fpr_at_90pct_recall": 0.009876543209876543,
      "fpr_at_95pct_recall": 0.023703703703703703
    },
    "cat_probs::sexual": {
      "pr_auc": 0.9941702576291509,
      "roc_auc": 0.9941487593834163,
      "ece_15": 0.010276371689327189
    },
    "src_probs::NudeNet": {
      "pr_auc": 0.9941702576291509,
      "roc_auc": 0.9941487593834163,
      "ece_15": 0.010276371689327189
    }
  },
  "meta": {
    "duration_sec": 136.16471760000013,
    "n_forward_calls": 11957,
    "gpu": {
      "name": "NVIDIA GeForce RTX 4070 Laptop GPU",
      "total_mem_bytes": 8585216000,
      "capability": "8.9"
    },
    "gpu_peak_alloc_bytes": 2274312704,
    "gpu_peak_reserved_bytes": 2879389696
  }
}