{
  "thr": 0.4715791344642639,
  "thr_by_cat": {
    "sexual": 0.4715791344642639
  },
  "results": {
    "overall": {
      "acc": 0.8795408678102926,
      "prec": 0.8398046965821901,
      "rec": 0.9314079422382672,
      "f1": 0.8832375596038635,
      "tp": 3612,
      "fp": 689,
      "tn": 3361,
      "fn": 266,
      "n": 7928
    },
    "cat::sexual": {
      "acc": 0.8795408678102926,
      "prec": 0.8398046965821901,
      "rec": 0.9314079422382672,
      "f1": 0.8832375596038635,
      "tp": 3612,
      "fp": 689,
      "tn": 3361,
      "fn": 266,
      "n": 7928
    },
    "src::NudeNet": {
      "acc": 0.8795408678102926,
      "prec": 0.8398046965821901,
      "rec": 0.9314079422382672,
      "f1": 0.8832375596038635,
      "tp": 3612,
      "fp": 689,
      "tn": 3361,
      "fn": 266,
      "n": 7928
    },
    "overall_probs": {
      "pr_auc": 0.9249300405306313,
      "roc_auc": 0.9457741995046448,
      "ece_15": 0.09213267636562812,
      "recall_at_1pct_fpr": 0.23491490458999484,
      "recall_at_5pct_fpr": 0.6990716864363073,
      "fpr_at_90pct_recall": 0.13333333333333333,
      "fpr_at_95pct_recall": 0.205679012345679
    },
    "cat_probs::sexual": {
      "pr_auc": 0.9249300405306313,
      "roc_auc": 0.9457741995046448,
      "ece_15": 0.09213267636562812
    },
    "src_probs::NudeNet": {
      "pr_auc": 0.9249300405306313,
      "roc_auc": 0.9457741995046448,
      "ece_15": 0.09213267636562812
    }
  },
  "meta": {
    "duration_sec": 152.14020550000714,
    "n_forward_calls": 11957,
    "gpu": {
      "name": "NVIDIA GeForce RTX 4070 Laptop GPU",
      "total_mem_bytes": 8585216000,
      "capability": "8.9"
    },
    "gpu_peak_alloc_bytes": 2274315776,
    "gpu_peak_reserved_bytes": 2879389696
  }
}