{
  "thr": 0.45443516969680786,
  "thr_by_cat": {
    "sexual": 0.45443516969680786
  },
  "results": {
    "overall": {
      "acc": 0.9475277497477296,
      "prec": 0.9456745623069001,
      "rec": 0.9471376998452811,
      "f1": 0.9464055655758825,
      "tp": 3673,
      "fp": 211,
      "tn": 3839,
      "fn": 205,
      "n": 7928
    },
    "cat::sexual": {
      "acc": 0.9475277497477296,
      "prec": 0.9456745623069001,
      "rec": 0.9471376998452811,
      "f1": 0.9464055655758825,
      "tp": 3673,
      "fp": 211,
      "tn": 3839,
      "fn": 205,
      "n": 7928
    },
    "src::NudeNet": {
      "acc": 0.9475277497477296,
      "prec": 0.9456745623069001,
      "rec": 0.9471376998452811,
      "f1": 0.9464055655758825,
      "tp": 3673,
      "fp": 211,
      "tn": 3839,
      "fn": 205,
      "n": 7928
    },
    "overall_probs": {
      "pr_auc": 0.9891173892240049,
      "roc_auc": 0.9876011562533824,
      "ece_15": 0.12445153169734281,
      "recall_at_1pct_fpr": 0.8834450747808148,
      "recall_at_5pct_fpr": 0.9468798349664775,
      "fpr_at_90pct_recall": 0.01654320987654321,
      "fpr_at_95pct_recall": 0.05975308641975308
    },
    "cat_probs::sexual": {
      "pr_auc": 0.9891173892240049,
      "roc_auc": 0.9876011562533824,
      "ece_15": 0.12445153169734281
    },
    "src_probs::NudeNet": {
      "pr_auc": 0.9891173892240049,
      "roc_auc": 0.9876011562533824,
      "ece_15": 0.12445153169734281
    }
  },
  "meta": {
    "duration_sec": 137.71314619999976,
    "n_forward_calls": 11957,
    "gpu": {
      "name": "NVIDIA GeForce RTX 4070 Laptop GPU",
      "total_mem_bytes": 8585216000,
      "capability": "8.9"
    },
    "gpu_peak_alloc_bytes": 2274334208,
    "gpu_peak_reserved_bytes": 2879389696
  }
}