{
  "thr": 0.5468848943710327,
  "thr_by_cat": {
    "sexual": 0.5468848943710327
  },
  "results": {
    "overall": {
      "acc": 0.9505549949545913,
      "prec": 0.9586842105263158,
      "rec": 0.9394017534811758,
      "f1": 0.9489450377702527,
      "tp": 3643,
      "fp": 157,
      "tn": 3893,
      "fn": 235,
      "n": 7928
    },
    "cat::sexual": {
      "acc": 0.9505549949545913,
      "prec": 0.9586842105263158,
      "rec": 0.9394017534811758,
      "f1": 0.9489450377702527,
      "tp": 3643,
      "fp": 157,
      "tn": 3893,
      "fn": 235,
      "n": 7928
    },
    "src::NudeNet": {
      "acc": 0.9505549949545913,
      "prec": 0.9586842105263158,
      "rec": 0.9394017534811758,
      "f1": 0.9489450377702527,
      "tp": 3643,
      "fp": 157,
      "tn": 3893,
      "fn": 235,
      "n": 7928
    },
    "overall_probs": {
      "pr_auc": 0.9889316692698515,
      "roc_auc": 0.9872416735112283,
      "ece_15": 0.3058637234783618,
      "recall_at_1pct_fpr": 0.8914388860237236,
      "recall_at_5pct_fpr": 0.9458483754512635,
      "fpr_at_90pct_recall": 0.013333333333333334,
      "fpr_at_95pct_recall": 0.05580246913580247
    },
    "cat_probs::sexual": {
      "pr_auc": 0.9889316692698515,
      "roc_auc": 0.9872416735112283,
      "ece_15": 0.3058637234783618
    },
    "src_probs::NudeNet": {
      "pr_auc": 0.9889316692698515,
      "roc_auc": 0.9872416735112283,
      "ece_15": 0.3058637234783618
    }
  },
  "meta": {
    "duration_sec": 139.78617340000346,
    "n_forward_calls": 11957,
    "gpu": {
      "name": "NVIDIA GeForce RTX 4070 Laptop GPU",
      "total_mem_bytes": 8585216000,
      "capability": "8.9"
    },
    "gpu_peak_alloc_bytes": 2274334208,
    "gpu_peak_reserved_bytes": 2879389696
  }
}