{
  "thr": 0.8342728614807129,
  "thr_by_cat": {
    "sexual": 0.8342728614807129
  },
  "results": {
    "overall": {
      "acc": 0.999,
      "prec": 0.9993996397838704,
      "rec": 0.9986002799440112,
      "f1": 0.9989997999599921,
      "tp": 4994,
      "fp": 3,
      "tn": 4996,
      "fn": 7,
      "n": 10000
    },
    "cat::sexual": {
      "acc": 0.999,
      "prec": 0.9993996397838704,
      "rec": 0.9986002799440112,
      "f1": 0.9989997999599921,
      "tp": 4994,
      "fp": 3,
      "tn": 4996,
      "fn": 7,
      "n": 10000
    },
    "src::LSPD/normal": {
      "acc": 0.999,
      "prec": 0.9993996397838704,
      "rec": 0.9986002799440112,
      "f1": 0.9989997999599921,
      "tp": 4994,
      "fp": 3,
      "tn": 4996,
      "fn": 7,
      "n": 10000
    },
    "overall_probs": {
      "pr_auc": 0.9999836569067018,
      "roc_auc": 0.9999832799993311,
      "ece_15": 0.005277533107600925,
      "recall_at_1pct_fpr": 0.9996000799840032,
      "recall_at_5pct_fpr": 1.0,
      "fpr_at_90pct_recall": 0.0,
      "fpr_at_95pct_recall": 0.0
    },
    "cat_probs::sexual": {
      "pr_auc": 0.9999836569067018,
      "roc_auc": 0.9999832799993311,
      "ece_15": 0.005277533107600925
    },
    "src_probs::LSPD/normal": {
      "pr_auc": 0.9999836569067018,
      "roc_auc": 0.9999832799993311,
      "ece_15": 0.005277533107600925
    }
  },
  "meta": {
    "duration_sec": 798.8956039000004,
    "n_forward_calls": 15000,
    "gpu": {
      "name": "NVIDIA GeForce RTX 4070 Laptop GPU",
      "total_mem_bytes": 8585216000,
      "capability": "8.9"
    },
    "gpu_peak_alloc_bytes": 3970215936,
    "gpu_peak_reserved_bytes": 5215617024
  }
}