{
  "thr": 0.35444527864456177,
  "thr_by_cat": {
    "sexual": 0.35444527864456177
  },
  "results": {
    "overall": {
      "acc": 0.7365035317860746,
      "prec": 0.6866263300646777,
      "rec": 0.8486333161423414,
      "f1": 0.7590819974628071,
      "tp": 3291,
      "fp": 1502,
      "tn": 2548,
      "fn": 587,
      "n": 7928
    },
    "cat::sexual": {
      "acc": 0.7365035317860746,
      "prec": 0.6866263300646777,
      "rec": 0.8486333161423414,
      "f1": 0.7590819974628071,
      "tp": 3291,
      "fp": 1502,
      "tn": 2548,
      "fn": 587,
      "n": 7928
    },
    "src::NudeNet": {
      "acc": 0.7365035317860746,
      "prec": 0.6866263300646777,
      "rec": 0.8486333161423414,
      "f1": 0.7590819974628071,
      "tp": 3291,
      "fp": 1502,
      "tn": 2548,
      "fn": 587,
      "n": 7928
    },
    "overall_probs": {
      "pr_auc": 0.7764484898253112,
      "roc_auc": 0.816862039106323,
      "ece_15": 0.0778256005200033,
      "recall_at_1pct_fpr": 0.05363589479112945,
      "recall_at_5pct_fpr": 0.26895306859205775,
      "fpr_at_90pct_recall": 0.46617283950617283,
      "fpr_at_95pct_recall": 0.6160493827160494
    },
    "cat_probs::sexual": {
      "pr_auc": 0.7764484898253112,
      "roc_auc": 0.816862039106323,
      "ece_15": 0.0778256005200033
    },
    "src_probs::NudeNet": {
      "pr_auc": 0.7764484898253112,
      "roc_auc": 0.816862039106323,
      "ece_15": 0.0778256005200033
    }
  },
  "meta": {
    "duration_sec": 361.72312349999993,
    "n_forward_calls": 11957,
    "gpu": {
      "name": "NVIDIA GeForce RTX 4070 Laptop GPU",
      "total_mem_bytes": 8585216000,
      "capability": "8.9"
    },
    "gpu_peak_alloc_bytes": 3129367040,
    "gpu_peak_reserved_bytes": 4041211904
  }
}