{
  "thr": 0.3739210813688163,
  "thr_by_cat": {
    "sexual": 0.3739210813688163
  },
  "results": {
    "overall": {
      "acc": 0.697581848940193,
      "prec": 0.7467489163054352,
      "rec": 0.7466244374062344,
      "f1": 0.746686671667917,
      "tp": 4479,
      "fp": 1519,
      "tn": 2531,
      "fn": 1520,
      "n": 10049
    },
    "cat::sexual": {
      "acc": 0.697581848940193,
      "prec": 0.7467489163054352,
      "rec": 0.7466244374062344,
      "f1": 0.746686671667917,
      "tp": 4479,
      "fp": 1519,
      "tn": 2531,
      "fn": 1520,
      "n": 10049
    },
    "src::NudeNet": {
      "acc": 0.697581848940193,
      "prec": 0.7467489163054352,
      "rec": 0.7466244374062344,
      "f1": 0.746686671667917,
      "tp": 4479,
      "fp": 1519,
      "tn": 2531,
      "fn": 1520,
      "n": 10049
    }
  },
  "meta": {
    "duration_sec": 431.5987582000016,
    "n_forward_calls": 15202,
    "gpu": {
      "name": "NVIDIA GeForce RTX 4070 Laptop GPU",
      "total_mem_bytes": 8585216000,
      "capability": "8.9"
    },
    "gpu_peak_alloc_bytes": 3129367040,
    "gpu_peak_reserved_bytes": 4116709376
  }
}