{
  "thr": 0.4128735661506653,
  "thr_by_cat": {
    "sexual": 0.4128735661506653
  },
  "results": {
    "overall": {
      "acc": 0.7105,
      "prec": 0.6643258426966292,
      "rec": 0.8512297540491902,
      "f1": 0.7462529581909019,
      "tp": 4257,
      "fp": 2151,
      "tn": 2848,
      "fn": 744,
      "n": 10000
    },
    "cat::sexual": {
      "acc": 0.7105,
      "prec": 0.6643258426966292,
      "rec": 0.8512297540491902,
      "f1": 0.7462529581909019,
      "tp": 4257,
      "fp": 2151,
      "tn": 2848,
      "fn": 744,
      "n": 10000
    },
    "src::LSPD/anime": {
      "acc": 0.7105,
      "prec": 0.6643258426966292,
      "rec": 0.8512297540491902,
      "f1": 0.7462529581909019,
      "tp": 4257,
      "fp": 2151,
      "tn": 2848,
      "fn": 744,
      "n": 10000
    },
    "overall_probs": {
      "pr_auc": 0.763591266905194,
      "roc_auc": 0.7915412716616508,
      "ece_15": 0.05336366411765919,
      "recall_at_1pct_fpr": 0.05718856228754249,
      "recall_at_5pct_fpr": 0.2479504099180164,
      "fpr_at_90pct_recall": 0.5217043408681736,
      "fpr_at_95pct_recall": 0.6417283456691338
    },
    "cat_probs::sexual": {
      "pr_auc": 0.763591266905194,
      "roc_auc": 0.7915412716616508,
      "ece_15": 0.05336366411765919
    },
    "src_probs::LSPD/anime": {
      "pr_auc": 0.763591266905194,
      "roc_auc": 0.7915412716616508,
      "ece_15": 0.05336366411765919
    }
  },
  "meta": {
    "duration_sec": 465.1620810000022,
    "n_forward_calls": 15000,
    "gpu": {
      "name": "NVIDIA GeForce RTX 4070 Laptop GPU",
      "total_mem_bytes": 8585216000,
      "capability": "8.9"
    },
    "gpu_peak_alloc_bytes": 4834267136,
    "gpu_peak_reserved_bytes": 5555355648
  }
}