{
  "thr": 0.7874387502670288,
  "thr_by_cat": {
    "sexual": 0.7874387502670288
  },
  "results": {
    "overall": {
      "acc": 0.7977,
      "prec": 0.7737132352941176,
      "rec": 0.8416316736652669,
      "f1": 0.8062446125850014,
      "tp": 4209,
      "fp": 1231,
      "tn": 3768,
      "fn": 792,
      "n": 10000
    },
    "cat::sexual": {
      "acc": 0.7977,
      "prec": 0.7737132352941176,
      "rec": 0.8416316736652669,
      "f1": 0.8062446125850014,
      "tp": 4209,
      "fp": 1231,
      "tn": 3768,
      "fn": 792,
      "n": 10000
    },
    "src::LSPD/anime": {
      "acc": 0.7977,
      "prec": 0.7737132352941176,
      "rec": 0.8416316736652669,
      "f1": 0.8062446125850014,
      "tp": 4209,
      "fp": 1231,
      "tn": 3768,
      "fn": 792,
      "n": 10000
    },
    "overall_probs": {
      "pr_auc": 0.9082476021221711,
      "roc_auc": 0.8963460958538438,
      "ece_15": 0.3142322166666388,
      "recall_at_1pct_fpr": 0.45610877824435114,
      "recall_at_5pct_fpr": 0.6068786242751449,
      "fpr_at_90pct_recall": 0.35707141428285655,
      "fpr_at_95pct_recall": 0.47709541908381675
    },
    "cat_probs::sexual": {
      "pr_auc": 0.9082476021221711,
      "roc_auc": 0.8963460958538438,
      "ece_15": 0.3142322166666388
    },
    "src_probs::LSPD/anime": {
      "pr_auc": 0.9082476021221711,
      "roc_auc": 0.8963460958538438,
      "ece_15": 0.3142322166666388
    }
  },
  "meta": {
    "duration_sec": 1001.8054561999888,
    "n_forward_calls": 15000,
    "gpu": {
      "name": "NVIDIA GeForce RTX 4070 Laptop GPU",
      "total_mem_bytes": 8585216000,
      "capability": "8.9"
    },
    "gpu_peak_alloc_bytes": 0,
    "gpu_peak_reserved_bytes": 0
  }
}