{
  "thr": 0.61669921875,
  "thr_by_cat": {
    "sexual": 0.61669921875
  },
  "results": {
    "overall": {
      "acc": 0.9210866752910737,
      "prec": 0.9528531663187195,
      "rec": 0.9129854975829305,
      "f1": 0.9324934025708691,
      "tp": 5477,
      "fp": 271,
      "tn": 3779,
      "fn": 522,
      "n": 10049
    },
    "cat::sexual": {
      "acc": 0.9210866752910737,
      "prec": 0.9528531663187195,
      "rec": 0.9129854975829305,
      "f1": 0.9324934025708691,
      "tp": 5477,
      "fp": 271,
      "tn": 3779,
      "fn": 522,
      "n": 10049
    },
    "src::NudeNet": {
      "acc": 0.9210866752910737,
      "prec": 0.9528531663187195,
      "rec": 0.9129854975829305,
      "f1": 0.9324934025708691,
      "tp": 5477,
      "fp": 271,
      "tn": 3779,
      "fn": 522,
      "n": 10049
    },
    "overall_probs": {
      "pr_auc": 0.9827637257322549,
      "roc_auc": 0.9696922532356216,
      "ece_15": 0.09921882956618036,
      "recall_at_1pct_fpr": 0.812968828138023,
      "recall_at_5pct_fpr": 0.8988164694115686,
      "fpr_at_90pct_recall": 0.05234567901234568,
      "fpr_at_95pct_recall": 0.1980246913580247
    },
    "cat_probs::sexual": {
      "pr_auc": 0.9827637257322549,
      "roc_auc": 0.9696922532356216,
      "ece_15": 0.09921882956618036
    },
    "src_probs::NudeNet": {
      "pr_auc": 0.9827637257322549,
      "roc_auc": 0.9696922532356216,
      "ece_15": 0.09921882956618036
    }
  },
  "meta": {
    "duration_sec": 865.9458927000001,
    "n_forward_calls": 15202,
    "gpu": {
      "name": "NVIDIA GeForce RTX 4070 Laptop GPU",
      "total_mem_bytes": 8585216000,
      "capability": "8.9"
    },
    "gpu_peak_alloc_bytes": 4098244608,
    "gpu_peak_reserved_bytes": 6738149376
  }
}