{
  "thr": 0.6762319803237915,
  "thr_by_cat": {},
  "results": {
    "overall": {
      "acc": 0.8058513284903971,
      "prec": 0.7728498247506066,
      "rec": 0.9556592765460911,
      "f1": 0.8545874636654991,
      "tp": 5733,
      "fp": 1685,
      "tn": 2365,
      "fn": 266,
      "n": 10049
    },
    "cat::sexual": {
      "acc": 0.8058513284903971,
      "prec": 0.7728498247506066,
      "rec": 0.9556592765460911,
      "f1": 0.8545874636654991,
      "tp": 5733,
      "fp": 1685,
      "tn": 2365,
      "fn": 266,
      "n": 10049
    },
    "src::NudeNet": {
      "acc": 0.8058513284903971,
      "prec": 0.7728498247506066,
      "rec": 0.9556592765460911,
      "f1": 0.8545874636654991,
      "tp": 5733,
      "fp": 1685,
      "tn": 2365,
      "fn": 266,
      "n": 10049
    }
  },
  "meta": {
    "duration_sec": 1412.0694660000008,
    "n_forward_calls": 10049,
    "gpu": {
      "name": "NVIDIA GeForce RTX 4070 Laptop GPU",
      "total_mem_bytes": 8585216000,
      "capability": "8.9"
    },
    "gpu_peak_alloc_bytes": 0,
    "gpu_peak_reserved_bytes": 0
  }
}