{
  "thr": 0.47532275319099426,
  "thr_by_cat": {
    "sexual": 0.47532275319099426
  },
  "results": {
    "overall": {
      "acc": 0.918598865558762,
      "prec": 0.9422912753969609,
      "rec": 0.9199866644440741,
      "f1": 0.9310053981106613,
      "tp": 5519,
      "fp": 338,
      "tn": 3712,
      "fn": 480,
      "n": 10049
    },
    "cat::sexual": {
      "acc": 0.918598865558762,
      "prec": 0.9422912753969609,
      "rec": 0.9199866644440741,
      "f1": 0.9310053981106613,
      "tp": 5519,
      "fp": 338,
      "tn": 3712,
      "fn": 480,
      "n": 10049
    },
    "src::NudeNet": {
      "acc": 0.918598865558762,
      "prec": 0.9422912753969609,
      "rec": 0.9199866644440741,
      "f1": 0.9310053981106613,
      "tp": 5519,
      "fp": 338,
      "tn": 3712,
      "fn": 480,
      "n": 10049
    },
    "overall_probs": {
      "pr_auc": 0.9810196783194928,
      "roc_auc": 0.9658255388243719,
      "ece_15": 0.16222081305447095,
      "recall_at_1pct_fpr": 0.797799633272212,
      "recall_at_5pct_fpr": 0.8916486081013503,
      "fpr_at_90pct_recall": 0.056790123456790124,
      "fpr_at_95pct_recall": 0.21358024691358024
    },
    "cat_probs::sexual": {
      "pr_auc": 0.9810196783194928,
      "roc_auc": 0.9658255388243719,
      "ece_15": 0.16222081305447095
    },
    "src_probs::NudeNet": {
      "pr_auc": 0.9810196783194928,
      "roc_auc": 0.9658255388243719,
      "ece_15": 0.16222081305447095
    }
  },
  "meta": {
    "duration_sec": 382.28904740000144,
    "n_forward_calls": 15202,
    "gpu": {
      "name": "NVIDIA GeForce RTX 4070 Laptop GPU",
      "total_mem_bytes": 8585216000,
      "capability": "8.9"
    },
    "gpu_peak_alloc_bytes": 2274334208,
    "gpu_peak_reserved_bytes": 2944401408
  }
}