{
  "thr": 0.4454362988471985,
  "thr_by_cat": {
    "sexual": 0.4454362988471985
  },
  "results": {
    "overall": {
      "acc": 0.9285501044880088,
      "prec": 0.9181314330958037,
      "rec": 0.966494415735956,
      "f1": 0.9416923826538898,
      "tp": 5798,
      "fp": 517,
      "tn": 3533,
      "fn": 201,
      "n": 10049
    },
    "cat::sexual": {
      "acc": 0.9285501044880088,
      "prec": 0.9181314330958037,
      "rec": 0.966494415735956,
      "f1": 0.9416923826538898,
      "tp": 5798,
      "fp": 517,
      "tn": 3533,
      "fn": 201,
      "n": 10049
    },
    "src::NudeNet": {
      "acc": 0.9285501044880088,
      "prec": 0.9181314330958037,
      "rec": 0.966494415735956,
      "f1": 0.9416923826538898,
      "tp": 5798,
      "fp": 517,
      "tn": 3533,
      "fn": 201,
      "n": 10049
    },
    "overall_probs": {
      "pr_auc": 0.9910075216238043,
      "roc_auc": 0.9855320331166306,
      "ece_15": 0.11968923628356921,
      "recall_at_1pct_fpr": 0.8636439406567761,
      "recall_at_5pct_fpr": 0.9336556092682113,
      "fpr_at_90pct_recall": 0.022222222222222223,
      "fpr_at_95pct_recall": 0.07506172839506173
    },
    "cat_probs::sexual": {
      "pr_auc": 0.9910075216238043,
      "roc_auc": 0.9855320331166306,
      "ece_15": 0.11968923628356921
    },
    "src_probs::NudeNet": {
      "pr_auc": 0.9910075216238043,
      "roc_auc": 0.9855320331166306,
      "ece_15": 0.11968923628356921
    }
  },
  "meta": {
    "duration_sec": 221.16742690000046,
    "n_forward_calls": 15202,
    "gpu": {
      "name": "NVIDIA GeForce RTX 4070 Laptop GPU",
      "total_mem_bytes": 8585216000,
      "capability": "8.9"
    },
    "gpu_peak_alloc_bytes": 2274334208,
    "gpu_peak_reserved_bytes": 2944401408
  }
}