{
  "thr": 0.24302999675273895,
  "thr_by_cat": {
    "sexual": 0.24302999675273895
  },
  "results": {
    "overall": {
      "acc": 0.9695492088765051,
      "prec": 0.9679434489561072,
      "rec": 0.9814969161526921,
      "f1": 0.9746730673729515,
      "tp": 5888,
      "fp": 195,
      "tn": 3855,
      "fn": 111,
      "n": 10049
    },
    "cat::sexual": {
      "acc": 0.9695492088765051,
      "prec": 0.9679434489561072,
      "rec": 0.9814969161526921,
      "f1": 0.9746730673729515,
      "tp": 5888,
      "fp": 195,
      "tn": 3855,
      "fn": 111,
      "n": 10049
    },
    "src::NudeNet": {
      "acc": 0.9695492088765051,
      "prec": 0.9679434489561072,
      "rec": 0.9814969161526921,
      "f1": 0.9746730673729515,
      "tp": 5888,
      "fp": 195,
      "tn": 3855,
      "fn": 111,
      "n": 10049
    },
    "overall_probs": {
      "pr_auc": 0.9962875621160135,
      "roc_auc": 0.9946965234946566,
      "ece_15": 0.017951842184365893,
      "recall_at_1pct_fpr": 0.9101516919486581,
      "recall_at_5pct_fpr": 0.9819969994999167,
      "fpr_at_90pct_recall": 0.008395061728395062,
      "fpr_at_95pct_recall": 0.01925925925925926
    },
    "cat_probs::sexual": {
      "pr_auc": 0.9962875621160135,
      "roc_auc": 0.9946965234946566,
      "ece_15": 0.017951842184365893
    },
    "src_probs::NudeNet": {
      "pr_auc": 0.9962875621160135,
      "roc_auc": 0.9946965234946566,
      "ece_15": 0.017951842184365893
    }
  },
  "meta": {
    "duration_sec": 198.6239727000011,
    "n_forward_calls": 15202,
    "gpu": {
      "name": "NVIDIA GeForce RTX 4070 Laptop GPU",
      "total_mem_bytes": 8585216000,
      "capability": "8.9"
    },
    "gpu_peak_alloc_bytes": 2274312704,
    "gpu_peak_reserved_bytes": 2944401408
  }
}