{
  "thr": 0.32636454701423645,
  "thr_by_cat": {},
  "results": {
    "overall": {
      "acc": 0.8490397054433277,
      "prec": 0.8411997563946407,
      "rec": 0.9209868311385231,
      "f1": 0.8792870215644147,
      "tp": 5525,
      "fp": 1043,
      "tn": 3007,
      "fn": 474,
      "n": 10049
    },
    "cat::sexual": {
      "acc": 0.8490397054433277,
      "prec": 0.8411997563946407,
      "rec": 0.9209868311385231,
      "f1": 0.8792870215644147,
      "tp": 5525,
      "fp": 1043,
      "tn": 3007,
      "fn": 474,
      "n": 10049
    },
    "src::NudeNet": {
      "acc": 0.8490397054433277,
      "prec": 0.8411997563946407,
      "rec": 0.9209868311385231,
      "f1": 0.8792870215644147,
      "tp": 5525,
      "fp": 1043,
      "tn": 3007,
      "fn": 474,
      "n": 10049
    },
    "overall_probs": {
      "pr_auc": 0.9218571864640142,
      "roc_auc": 0.9123672258133557,
      "ece_15": 0.06986595713377391,
      "brier": 0.11910835243851782,
      "recall_at_1pct_fpr": 0.15619269878313052,
      "recall_at_5pct_fpr": 0.5435905984330722,
      "fpr_at_90pct_recall": 0.23185185185185186,
      "fpr_at_95pct_recall": 0.33111111111111113
    },
    "cat_probs::sexual": {
      "pr_auc": 0.9218571864640142,
      "roc_auc": 0.9123672258133557,
      "ece_15": 0.06986595713377391,
      "brier": 0.11910835243851782
    },
    "src_probs::NudeNet": {
      "pr_auc": 0.9218571864640142,
      "roc_auc": 0.9123672258133557,
      "ece_15": 0.06986595713377391,
      "brier": 0.11910835243851782
    }
  },
  "meta": {
    "duration_sec": 230.5921460999998,
    "n_forward_calls": 10049,
    "gpu": {
      "name": "NVIDIA GeForce RTX 4070 Laptop GPU",
      "total_mem_bytes": 8585216000,
      "capability": "8.9"
    },
    "gpu_peak_alloc_bytes": 2781170688,
    "gpu_peak_reserved_bytes": 3181379584
  }
}