{
  "thr": 0.32287625565057865,
  "thr_by_cat": {
    "sexual": 0.32287625565057865
  },
  "results": {
    "overall": {
      "acc": 0.6615583640163201,
      "prec": 0.7117014341590613,
      "rec": 0.7279546591098517,
      "f1": 0.719736299958797,
      "tp": 4367,
      "fp": 1769,
      "tn": 2281,
      "fn": 1632,
      "n": 10049
    },
    "cat::sexual": {
      "acc": 0.6615583640163201,
      "prec": 0.7117014341590613,
      "rec": 0.7279546591098517,
      "f1": 0.719736299958797,
      "tp": 4367,
      "fp": 1769,
      "tn": 2281,
      "fn": 1632,
      "n": 10049
    },
    "src::NudeNet": {
      "acc": 0.6615583640163201,
      "prec": 0.7117014341590613,
      "rec": 0.7279546591098517,
      "f1": 0.719736299958797,
      "tp": 4367,
      "fp": 1769,
      "tn": 2281,
      "fn": 1632,
      "n": 10049
    }
  },
  "meta": {
    "duration_sec": 894.8536886999973,
    "n_forward_calls": 15202,
    "gpu": {
      "name": "NVIDIA GeForce RTX 4070 Laptop GPU",
      "total_mem_bytes": 8585216000,
      "capability": "8.9"
    },
    "gpu_peak_alloc_bytes": 4834267136,
    "gpu_peak_reserved_bytes": 5704253440
  }
}