{
  "thr": 0.6926419734954834,
  "thr_by_cat": {
    "sexual": 0.6926419734954834
  },
  "results": {
    "overall": {
      "acc": 0.6009553189372077,
      "prec": 0.6524605242986355,
      "rec": 0.7094515752625438,
      "f1": 0.679763616035777,
      "tp": 4256,
      "fp": 2267,
      "tn": 1783,
      "fn": 1743,
      "n": 10049
    },
    "cat::sexual": {
      "acc": 0.6009553189372077,
      "prec": 0.6524605242986355,
      "rec": 0.7094515752625438,
      "f1": 0.679763616035777,
      "tp": 4256,
      "fp": 2267,
      "tn": 1783,
      "fn": 1743,
      "n": 10049
    },
    "src::NudeNet": {
      "acc": 0.6009553189372077,
      "prec": 0.6524605242986355,
      "rec": 0.7094515752625438,
      "f1": 0.679763616035777,
      "tp": 4256,
      "fp": 2267,
      "tn": 1783,
      "fn": 1743,
      "n": 10049
    }
  },
  "meta": {
    "duration_sec": 6883.7442825,
    "n_forward_calls": 15202,
    "gpu": {
      "name": "NVIDIA GeForce RTX 4070 Laptop GPU",
      "total_mem_bytes": 8585216000,
      "capability": "8.9"
    },
    "gpu_peak_alloc_bytes": 12038261760,
    "gpu_peak_reserved_bytes": 13658750976
  }
}