{
  "thr": 0.13021322520940995,
  "thr_by_cat": {
    "sexual": 0.13021322520940995
  },
  "results": {
    "overall": {
      "acc": 0.6469300427903274,
      "prec": 0.7093082835183604,
      "rec": 0.6922820470078347,
      "f1": 0.7006917496203814,
      "tp": 4153,
      "fp": 1702,
      "tn": 2348,
      "fn": 1846,
      "n": 10049
    },
    "cat::sexual": {
      "acc": 0.6469300427903274,
      "prec": 0.7093082835183604,
      "rec": 0.6922820470078347,
      "f1": 0.7006917496203814,
      "tp": 4153,
      "fp": 1702,
      "tn": 2348,
      "fn": 1846,
      "n": 10049
    },
    "src::NudeNet": {
      "acc": 0.6469300427903274,
      "prec": 0.7093082835183604,
      "rec": 0.6922820470078347,
      "f1": 0.7006917496203814,
      "tp": 4153,
      "fp": 1702,
      "tn": 2348,
      "fn": 1846,
      "n": 10049
    }
  },
  "meta": {
    "duration_sec": 518.2386628000004,
    "n_forward_calls": 15202,
    "gpu": {
      "name": "NVIDIA GeForce RTX 4070 Laptop GPU",
      "total_mem_bytes": 8585216000,
      "capability": "8.9"
    },
    "gpu_peak_alloc_bytes": 4240753152,
    "gpu_peak_reserved_bytes": 5609881600
  }
}