{
  "thr": 0.35302552580833435,
  "thr_by_cat": {
    "sexual": 0.35302552580833435
  },
  "results": {
    "overall": {
      "acc": 0.9664643248084387,
      "prec": 0.9727788911155645,
      "rec": 0.9709951658609768,
      "f1": 0.9718862100608994,
      "tp": 5825,
      "fp": 163,
      "tn": 3887,
      "fn": 174,
      "n": 10049
    },
    "cat::sexual": {
      "acc": 0.9664643248084387,
      "prec": 0.9727788911155645,
      "rec": 0.9709951658609768,
      "f1": 0.9718862100608994,
      "tp": 5825,
      "fp": 163,
      "tn": 3887,
      "fn": 174,
      "n": 10049
    },
    "src::NudeNet": {
      "acc": 0.9664643248084387,
      "prec": 0.9727788911155645,
      "rec": 0.9709951658609768,
      "f1": 0.9718862100608994,
      "tp": 5825,
      "fp": 163,
      "tn": 3887,
      "fn": 174,
      "n": 10049
    },
    "overall_probs": {
      "pr_auc": 0.996603070336094,
      "roc_auc": 0.9949518746951652,
      "ece_15": 0.0177771154686759,
      "recall_at_1pct_fpr": 0.9081513585597599,
      "recall_at_5pct_fpr": 0.9776629438239707,
      "fpr_at_90pct_recall": 0.008641975308641974,
      "fpr_at_95pct_recall": 0.021728395061728394
    },
    "cat_probs::sexual": {
      "pr_auc": 0.996603070336094,
      "roc_auc": 0.9949518746951652,
      "ece_15": 0.0177771154686759
    },
    "src_probs::NudeNet": {
      "pr_auc": 0.996603070336094,
      "roc_auc": 0.9949518746951652,
      "ece_15": 0.0177771154686759
    }
  },
  "meta": {
    "duration_sec": 1114.0715632000001,
    "n_forward_calls": 15202,
    "gpu": {
      "name": "NVIDIA GeForce RTX 4070 Laptop GPU",
      "total_mem_bytes": 8585216000,
      "capability": "8.9"
    },
    "gpu_peak_alloc_bytes": 3970215936,
    "gpu_peak_reserved_bytes": 5414846464
  }
}