{
  "thr": 0.639051616191864,
  "thr_by_cat": {
    "sexual": 0.639051616191864
  },
  "results": {
    "overall": {
      "acc": 0.8950144292964474,
      "prec": 0.9237230030853617,
      "rec": 0.898316386064344,
      "f1": 0.9108425589453224,
      "tp": 5389,
      "fp": 445,
      "tn": 3605,
      "fn": 610,
      "n": 10049
    },
    "cat::sexual": {
      "acc": 0.8950144292964474,
      "prec": 0.9237230030853617,
      "rec": 0.898316386064344,
      "f1": 0.9108425589453224,
      "tp": 5389,
      "fp": 445,
      "tn": 3605,
      "fn": 610,
      "n": 10049
    },
    "src::NudeNet": {
      "acc": 0.8950144292964474,
      "prec": 0.9237230030853617,
      "rec": 0.898316386064344,
      "f1": 0.9108425589453224,
      "tp": 5389,
      "fp": 445,
      "tn": 3605,
      "fn": 610,
      "n": 10049
    },
    "overall_probs": {
      "pr_auc": 0.9758469545713938,
      "roc_auc": 0.9604828994132767,
      "ece_15": 0.06958198123509098,
      "recall_at_1pct_fpr": 0.7009501583597266,
      "recall_at_5pct_fpr": 0.8483080513418904,
      "fpr_at_90pct_recall": 0.11185185185185186,
      "fpr_at_95pct_recall": 0.2535802469135802
    },
    "cat_probs::sexual": {
      "pr_auc": 0.9758469545713938,
      "roc_auc": 0.9604828994132767,
      "ece_15": 0.06958198123509098
    },
    "src_probs::NudeNet": {
      "pr_auc": 0.9758469545713938,
      "roc_auc": 0.9604828994132767,
      "ece_15": 0.06958198123509098
    }
  },
  "meta": {
    "duration_sec": 993.0321653000001,
    "n_forward_calls": 15202,
    "gpu": {
      "name": "NVIDIA GeForce RTX 4070 Laptop GPU",
      "total_mem_bytes": 8585216000,
      "capability": "8.9"
    },
    "gpu_peak_alloc_bytes": 4088155648,
    "gpu_peak_reserved_bytes": 6928990208
  }
}