{
  "thr": 0.65478515625,
  "thr_by_cat": {
    "sexual": 0.65478515625
  },
  "results": {
    "overall": {
      "acc": 0.79755297679112,
      "prec": 0.7420660276890308,
      "rec": 0.8984012377514182,
      "f1": 0.8127843228741397,
      "tp": 3484,
      "fp": 1211,
      "tn": 2839,
      "fn": 394,
      "n": 7928
    },
    "cat::sexual": {
      "acc": 0.79755297679112,
      "prec": 0.7420660276890308,
      "rec": 0.8984012377514182,
      "f1": 0.8127843228741397,
      "tp": 3484,
      "fp": 1211,
      "tn": 2839,
      "fn": 394,
      "n": 7928
    },
    "src::NudeNet": {
      "acc": 0.79755297679112,
      "prec": 0.7420660276890308,
      "rec": 0.8984012377514182,
      "f1": 0.8127843228741397,
      "tp": 3484,
      "fp": 1211,
      "tn": 2839,
      "fn": 394,
      "n": 7928
    },
    "overall_probs": {
      "pr_auc": 0.9170460131837315,
      "roc_auc": 0.9134776103247824,
      "ece_15": 0.13710058637632494,
      "recall_at_1pct_fpr": 0.5219185146982981,
      "recall_at_5pct_fpr": 0.6258380608561114,
      "fpr_at_90pct_recall": 0.30148148148148146,
      "fpr_at_95pct_recall": 0.3725925925925926
    },
    "cat_probs::sexual": {
      "pr_auc": 0.9170460131837315,
      "roc_auc": 0.9134776103247824,
      "ece_15": 0.13710058637632494
    },
    "src_probs::NudeNet": {
      "pr_auc": 0.9170460131837315,
      "roc_auc": 0.9134776103247824,
      "ece_15": 0.13710058637632494
    }
  },
  "meta": {
    "duration_sec": 683.5046820999996,
    "n_forward_calls": 11957,
    "gpu": {
      "name": "NVIDIA GeForce RTX 4070 Laptop GPU",
      "total_mem_bytes": 8585216000,
      "capability": "8.9"
    },
    "gpu_peak_alloc_bytes": 3155956224,
    "gpu_peak_reserved_bytes": 6249512960
  }
}