{
  "thr": 0.537109375,
  "thr_by_cat": {
    "sexual": 0.537109375
  },
  "results": {
    "overall": {
      "acc": 0.9717,
      "prec": 0.9773371104815864,
      "rec": 0.9658068386322736,
      "f1": 0.9715377652619934,
      "tp": 4830,
      "fp": 112,
      "tn": 4887,
      "fn": 171,
      "n": 10000
    },
    "cat::sexual": {
      "acc": 0.9717,
      "prec": 0.9773371104815864,
      "rec": 0.9658068386322736,
      "f1": 0.9715377652619934,
      "tp": 4830,
      "fp": 112,
      "tn": 4887,
      "fn": 171,
      "n": 10000
    },
    "src::LSPD/normal": {
      "acc": 0.9717,
      "prec": 0.9773371104815864,
      "rec": 0.9658068386322736,
      "f1": 0.9715377652619934,
      "tp": 4830,
      "fp": 112,
      "tn": 4887,
      "fn": 171,
      "n": 10000
    },
    "overall_probs": {
      "pr_auc": 0.9956333541457072,
      "roc_auc": 0.9950656598026264,
      "ece_15": 0.03299219193458556,
      "recall_at_1pct_fpr": 0.9290141971605679,
      "recall_at_5pct_fpr": 0.9808038392321535,
      "fpr_at_90pct_recall": 0.006001200240048009,
      "fpr_at_95pct_recall": 0.016203240648129627
    },
    "cat_probs::sexual": {
      "pr_auc": 0.9956333541457072,
      "roc_auc": 0.9950656598026264,
      "ece_15": 0.03299219193458556
    },
    "src_probs::LSPD/normal": {
      "pr_auc": 0.9956333541457072,
      "roc_auc": 0.9950656598026264,
      "ece_15": 0.03299219193458556
    }
  },
  "meta": {
    "duration_sec": 893.0217770000017,
    "n_forward_calls": 15000,
    "gpu": {
      "name": "NVIDIA GeForce RTX 4070 Laptop GPU",
      "total_mem_bytes": 8585216000,
      "capability": "8.9"
    },
    "gpu_peak_alloc_bytes": 3155956224,
    "gpu_peak_reserved_bytes": 6733955072
  }
}