{
  "thr": 0.85107421875,
  "thr_by_cat": {
    "sexual": 0.85107421875
  },
  "results": {
    "overall": {
      "acc": 0.8202,
      "prec": 0.8189603664608643,
      "rec": 0.8222355528894221,
      "f1": 0.8205946916783077,
      "tp": 4112,
      "fp": 909,
      "tn": 4090,
      "fn": 889,
      "n": 10000
    },
    "cat::sexual": {
      "acc": 0.8202,
      "prec": 0.8189603664608643,
      "rec": 0.8222355528894221,
      "f1": 0.8205946916783077,
      "tp": 4112,
      "fp": 909,
      "tn": 4090,
      "fn": 889,
      "n": 10000
    },
    "src::LSPD/anime": {
      "acc": 0.8202,
      "prec": 0.8189603664608643,
      "rec": 0.8222355528894221,
      "f1": 0.8205946916783077,
      "tp": 4112,
      "fp": 909,
      "tn": 4090,
      "fn": 889,
      "n": 10000
    },
    "overall_probs": {
      "pr_auc": 0.9295998686263398,
      "roc_auc": 0.9169615166784606,
      "ece_15": 0.2017335901260376,
      "recall_at_1pct_fpr": 0.5838832233553289,
      "recall_at_5pct_fpr": 0.6946610677864428,
      "fpr_at_90pct_recall": 0.3218643728745749,
      "fpr_at_95pct_recall": 0.4334866973394679
    },
    "cat_probs::sexual": {
      "pr_auc": 0.9295998686263398,
      "roc_auc": 0.9169615166784606,
      "ece_15": 0.2017335901260376
    },
    "src_probs::LSPD/anime": {
      "pr_auc": 0.9295998686263398,
      "roc_auc": 0.9169615166784606,
      "ece_15": 0.2017335901260376
    }
  },
  "meta": {
    "duration_sec": 1055.4517170000036,
    "n_forward_calls": 15000,
    "gpu": {
      "name": "NVIDIA GeForce RTX 4070 Laptop GPU",
      "total_mem_bytes": 8585216000,
      "capability": "8.9"
    },
    "gpu_peak_alloc_bytes": 3155956224,
    "gpu_peak_reserved_bytes": 6733955072
  }
}