{
  "thr": 0.380615234375,
  "thr_by_cat": {
    "sexual": 0.380615234375
  },
  "results": {
    "overall": {
      "acc": 0.8098318240620958,
      "prec": 0.7703703703703704,
      "rec": 0.970828471411902,
      "f1": 0.8590604026845639,
      "tp": 5824,
      "fp": 1736,
      "tn": 2314,
      "fn": 175,
      "n": 10049
    },
    "cat::sexual": {
      "acc": 0.8098318240620958,
      "prec": 0.7703703703703704,
      "rec": 0.970828471411902,
      "f1": 0.8590604026845639,
      "tp": 5824,
      "fp": 1736,
      "tn": 2314,
      "fn": 175,
      "n": 10049
    },
    "src::NudeNet": {
      "acc": 0.8098318240620958,
      "prec": 0.7703703703703704,
      "rec": 0.970828471411902,
      "f1": 0.8590604026845639,
      "tp": 5824,
      "fp": 1736,
      "tn": 2314,
      "fn": 175,
      "n": 10049
    }
  },
  "meta": {
    "duration_sec": 1962.2069854999972,
    "n_forward_calls": 15202,
    "gpu": {
      "name": "NVIDIA GeForce RTX 4070 Laptop GPU",
      "total_mem_bytes": 8585216000,
      "capability": "8.9"
    },
    "gpu_peak_alloc_bytes": 3155956224,
    "gpu_peak_reserved_bytes": 6429868032
  }
}