{
  "thr": 0.6376953125,
  "thr_by_cat": {
    "sexual": 0.6376953125
  },
  "results": {
    "overall": {
      "acc": 0.9519,
      "prec": 0.9278682317304051,
      "rec": 0.98000399920016,
      "f1": 0.9532237673830595,
      "tp": 4901,
      "fp": 381,
      "tn": 4618,
      "fn": 100,
      "n": 10000
    },
    "cat::sexual": {
      "acc": 0.9519,
      "prec": 0.9278682317304051,
      "rec": 0.98000399920016,
      "f1": 0.9532237673830595,
      "tp": 4901,
      "fp": 381,
      "tn": 4618,
      "fn": 100,
      "n": 10000
    },
    "src::LSPD/normal": {
      "acc": 0.9519,
      "prec": 0.9278682317304051,
      "rec": 0.98000399920016,
      "f1": 0.9532237673830595,
      "tp": 4901,
      "fp": 381,
      "tn": 4618,
      "fn": 100,
      "n": 10000
    },
    "overall_probs": {
      "pr_auc": 0.9912889783546167,
      "roc_auc": 0.9918707596748304,
      "ece_15": 0.049983689022064216,
      "recall_at_1pct_fpr": 0.824635072985403,
      "recall_at_5pct_fpr": 0.9498100379924015,
      "fpr_at_90pct_recall": 0.02660532106421284,
      "fpr_at_95pct_recall": 0.05021004200840168
    },
    "cat_probs::sexual": {
      "pr_auc": 0.9912889783546167,
      "roc_auc": 0.9918707596748304,
      "ece_15": 0.049983689022064216
    },
    "src_probs::LSPD/normal": {
      "pr_auc": 0.9912889783546167,
      "roc_auc": 0.9918707596748304,
      "ece_15": 0.049983689022064216
    }
  },
  "meta": {
    "duration_sec": 846.5102126999991,
    "n_forward_calls": 15000,
    "gpu": {
      "name": "NVIDIA GeForce RTX 4070 Laptop GPU",
      "total_mem_bytes": 8585216000,
      "capability": "8.9"
    },
    "gpu_peak_alloc_bytes": 3154177024,
    "gpu_peak_reserved_bytes": 6631194624
  }
}