{
  "thr": 0.7237375378608704,
  "thr_by_cat": {
    "sexual": 0.7237375378608704
  },
  "results": {
    "overall": {
      "acc": 0.9268,
      "prec": 0.930603187411741,
      "rec": 0.9224155168966207,
      "f1": 0.9264912633058847,
      "tp": 4613,
      "fp": 344,
      "tn": 4655,
      "fn": 388,
      "n": 10000
    },
    "cat::sexual": {
      "acc": 0.9268,
      "prec": 0.930603187411741,
      "rec": 0.9224155168966207,
      "f1": 0.9264912633058847,
      "tp": 4613,
      "fp": 344,
      "tn": 4655,
      "fn": 388,
      "n": 10000
    },
    "src::LSPD/normal": {
      "acc": 0.9268,
      "prec": 0.930603187411741,
      "rec": 0.9224155168966207,
      "f1": 0.9264912633058847,
      "tp": 4613,
      "fp": 344,
      "tn": 4655,
      "fn": 388,
      "n": 10000
    },
    "overall_probs": {
      "pr_auc": 0.9830191459755553,
      "roc_auc": 0.9812239592489583,
      "ece_15": 0.2659181342184544,
      "recall_at_1pct_fpr": 0.7958408318336333,
      "recall_at_5pct_fpr": 0.902619476104779,
      "fpr_at_90pct_recall": 0.04940988197639528,
      "fpr_at_95pct_recall": 0.11362272454490899
    },
    "cat_probs::sexual": {
      "pr_auc": 0.9830191459755553,
      "roc_auc": 0.9812239592489583,
      "ece_15": 0.2659181342184544
    },
    "src_probs::LSPD/normal": {
      "pr_auc": 0.9830191459755553,
      "roc_auc": 0.9812239592489583,
      "ece_15": 0.2659181342184544
    }
  },
  "meta": {
    "duration_sec": 800.3360064000008,
    "n_forward_calls": 15000,
    "gpu": {
      "name": "NVIDIA GeForce RTX 4070 Laptop GPU",
      "total_mem_bytes": 8585216000,
      "capability": "8.9"
    },
    "gpu_peak_alloc_bytes": 0,
    "gpu_peak_reserved_bytes": 0
  }
}