{
  "thr": 0.5596041083335876,
  "thr_by_cat": {
    "sexual": 0.5596041083335876
  },
  "results": {
    "overall": {
      "acc": 0.945,
      "prec": 0.9418304546356958,
      "rec": 0.9486102779444111,
      "f1": 0.9452082088065351,
      "tp": 4744,
      "fp": 293,
      "tn": 4706,
      "fn": 257,
      "n": 10000
    },
    "cat::sexual": {
      "acc": 0.945,
      "prec": 0.9418304546356958,
      "rec": 0.9486102779444111,
      "f1": 0.9452082088065351,
      "tp": 4744,
      "fp": 293,
      "tn": 4706,
      "fn": 257,
      "n": 10000
    },
    "src::LSPD/anime": {
      "acc": 0.945,
      "prec": 0.9418304546356958,
      "rec": 0.9486102779444111,
      "f1": 0.9452082088065351,
      "tp": 4744,
      "fp": 293,
      "tn": 4706,
      "fn": 257,
      "n": 10000
    },
    "overall_probs": {
      "pr_auc": 0.9830825588518292,
      "roc_auc": 0.9823544192941768,
      "ece_15": 0.11119093332116026,
      "recall_at_1pct_fpr": 0.7296540691861627,
      "recall_at_5pct_fpr": 0.9408118376324736,
      "fpr_at_90pct_recall": 0.030406081216243247,
      "fpr_at_95pct_recall": 0.0598119623924785
    },
    "cat_probs::sexual": {
      "pr_auc": 0.9830825588518292,
      "roc_auc": 0.9823544192941768,
      "ece_15": 0.11119093332116026
    },
    "src_probs::LSPD/anime": {
      "pr_auc": 0.9830825588518292,
      "roc_auc": 0.9823544192941768,
      "ece_15": 0.11119093332116026
    }
  },
  "meta": {
    "duration_sec": 562.3263483999981,
    "n_forward_calls": 15000,
    "gpu": {
      "name": "NVIDIA GeForce RTX 4070 Laptop GPU",
      "total_mem_bytes": 8585216000,
      "capability": "8.9"
    },
    "gpu_peak_alloc_bytes": 2781170688,
    "gpu_peak_reserved_bytes": 3433037824
  }
}