{
  "thr": 0.3090170621871948,
  "thr_by_cat": {
    "sexual": 0.3090170621871948
  },
  "results": {
    "overall": {
      "acc": 0.9577,
      "prec": 0.971958762886598,
      "rec": 0.9426114777044591,
      "f1": 0.9570601969343213,
      "tp": 4714,
      "fp": 136,
      "tn": 4863,
      "fn": 287,
      "n": 10000
    },
    "cat::sexual": {
      "acc": 0.9577,
      "prec": 0.971958762886598,
      "rec": 0.9426114777044591,
      "f1": 0.9570601969343213,
      "tp": 4714,
      "fp": 136,
      "tn": 4863,
      "fn": 287,
      "n": 10000
    },
    "src::LSPD/anime": {
      "acc": 0.9577,
      "prec": 0.971958762886598,
      "rec": 0.9426114777044591,
      "f1": 0.9570601969343213,
      "tp": 4714,
      "fp": 136,
      "tn": 4863,
      "fn": 287,
      "n": 10000
    },
    "overall_probs": {
      "pr_auc": 0.9905624165766882,
      "roc_auc": 0.9878323595132944,
      "ece_15": 0.030514199197282873,
      "recall_at_1pct_fpr": 0.910617876424715,
      "recall_at_5pct_fpr": 0.9554089182163568,
      "fpr_at_90pct_recall": 0.007001400280056011,
      "fpr_at_95pct_recall": 0.03900780156031206
    },
    "cat_probs::sexual": {
      "pr_auc": 0.9905624165766882,
      "roc_auc": 0.9878323595132944,
      "ece_15": 0.030514199197282873
    },
    "src_probs::LSPD/anime": {
      "pr_auc": 0.9905624165766882,
      "roc_auc": 0.9878323595132944,
      "ece_15": 0.030514199197282873
    }
  },
  "meta": {
    "duration_sec": 477.07200450000164,
    "n_forward_calls": 15000,
    "gpu": {
      "name": "NVIDIA GeForce RTX 4070 Laptop GPU",
      "total_mem_bytes": 8585216000,
      "capability": "8.9"
    },
    "gpu_peak_alloc_bytes": 2274312704,
    "gpu_peak_reserved_bytes": 2866806784
  }
}