{
  "thr": 0.7637994885444641,
  "thr_by_cat": {
    "sexual": 0.7637994885444641
  },
  "results": {
    "overall": {
      "acc": 0.998,
      "prec": 0.998000399920016,
      "rec": 0.998000399920016,
      "f1": 0.998000399920016,
      "tp": 4991,
      "fp": 10,
      "tn": 4989,
      "fn": 10,
      "n": 10000
    },
    "cat::sexual": {
      "acc": 0.998,
      "prec": 0.998000399920016,
      "rec": 0.998000399920016,
      "f1": 0.998000399920016,
      "tp": 4991,
      "fp": 10,
      "tn": 4989,
      "fn": 10,
      "n": 10000
    },
    "src::LSPD/normal": {
      "acc": 0.998,
      "prec": 0.998000399920016,
      "rec": 0.998000399920016,
      "f1": 0.998000399920016,
      "tp": 4991,
      "fp": 10,
      "tn": 4989,
      "fn": 10,
      "n": 10000
    },
    "overall_probs": {
      "pr_auc": 0.9999585312448657,
      "roc_auc": 0.9999568799982752,
      "ece_15": 0.007802986162606285,
      "recall_at_1pct_fpr": 0.9992001599680064,
      "recall_at_5pct_fpr": 0.9998000399920016,
      "fpr_at_90pct_recall": 0.0,
      "fpr_at_95pct_recall": 0.0
    },
    "cat_probs::sexual": {
      "pr_auc": 0.9999585312448657,
      "roc_auc": 0.9999568799982752,
      "ece_15": 0.007802986162606285
    },
    "src_probs::LSPD/normal": {
      "pr_auc": 0.9999585312448657,
      "roc_auc": 0.9999568799982752,
      "ece_15": 0.007802986162606285
    }
  },
  "meta": {
    "duration_sec": 258.027772200001,
    "n_forward_calls": 15000,
    "gpu": {
      "name": "NVIDIA GeForce RTX 4070 Laptop GPU",
      "total_mem_bytes": 8585216000,
      "capability": "8.9"
    },
    "gpu_peak_alloc_bytes": 2274312704,
    "gpu_peak_reserved_bytes": 2866806784
  }
}