{
  "thr": 0.22046887874603271,
  "thr_by_cat": {
    "sexual": 0.22046887874603271
  },
  "results": {
    "overall": {
      "acc": 0.8016,
      "prec": 0.746044690915022,
      "rec": 0.914617076584683,
      "f1": 0.8217750628817821,
      "tp": 4574,
      "fp": 1557,
      "tn": 3442,
      "fn": 427,
      "n": 10000
    },
    "cat::sexual": {
      "acc": 0.8016,
      "prec": 0.746044690915022,
      "rec": 0.914617076584683,
      "f1": 0.8217750628817821,
      "tp": 4574,
      "fp": 1557,
      "tn": 3442,
      "fn": 427,
      "n": 10000
    },
    "src::LSPD/normal": {
      "acc": 0.8016,
      "prec": 0.746044690915022,
      "rec": 0.914617076584683,
      "f1": 0.8217750628817821,
      "tp": 4574,
      "fp": 1557,
      "tn": 3442,
      "fn": 427,
      "n": 10000
    },
    "overall_probs": {
      "pr_auc": 0.8513895456611524,
      "roc_auc": 0.8817360352694413,
      "ece_15": 0.10672435792254982,
      "recall_at_1pct_fpr": 0.09658068386322735,
      "recall_at_5pct_fpr": 0.380123975204959,
      "fpr_at_90pct_recall": 0.29045809161832364,
      "fpr_at_95pct_recall": 0.3900780156031206
    },
    "cat_probs::sexual": {
      "pr_auc": 0.8513895456611524,
      "roc_auc": 0.8817360352694413,
      "ece_15": 0.10672435792254982
    },
    "src_probs::LSPD/normal": {
      "pr_auc": 0.8513895456611524,
      "roc_auc": 0.8817360352694413,
      "ece_15": 0.10672435792254982
    }
  },
  "meta": {
    "duration_sec": 338.5416397000008,
    "n_forward_calls": 15000,
    "gpu": {
      "name": "NVIDIA GeForce RTX 4070 Laptop GPU",
      "total_mem_bytes": 8585216000,
      "capability": "8.9"
    },
    "gpu_peak_alloc_bytes": 4834267136,
    "gpu_peak_reserved_bytes": 5555355648
  }
}