{
  "thr": 0.24105502665042877,
  "thr_by_cat": {
    "sexual": 0.24105502665042877
  },
  "results": {
    "overall": {
      "acc": 0.8057,
      "prec": 0.755685618729097,
      "rec": 0.903619276144771,
      "f1": 0.8230580092887716,
      "tp": 4519,
      "fp": 1461,
      "tn": 3538,
      "fn": 482,
      "n": 10000
    },
    "cat::sexual": {
      "acc": 0.8057,
      "prec": 0.755685618729097,
      "rec": 0.903619276144771,
      "f1": 0.8230580092887716,
      "tp": 4519,
      "fp": 1461,
      "tn": 3538,
      "fn": 482,
      "n": 10000
    },
    "src::LSPD/normal": {
      "acc": 0.8057,
      "prec": 0.755685618729097,
      "rec": 0.903619276144771,
      "f1": 0.8230580092887716,
      "tp": 4519,
      "fp": 1461,
      "tn": 3538,
      "fn": 482,
      "n": 10000
    },
    "overall_probs": {
      "pr_auc": 0.9070754921842141,
      "roc_auc": 0.905994876239795,
      "ece_15": 0.17678233006559316,
      "recall_at_1pct_fpr": 0.3479304139172166,
      "recall_at_5pct_fpr": 0.5900819836032793,
      "fpr_at_90pct_recall": 0.28485697139427885,
      "fpr_at_95pct_recall": 0.41308261652330464
    },
    "cat_probs::sexual": {
      "pr_auc": 0.9070754921842141,
      "roc_auc": 0.905994876239795,
      "ece_15": 0.17678233006559316
    },
    "src_probs::LSPD/normal": {
      "pr_auc": 0.9070754921842141,
      "roc_auc": 0.905994876239795,
      "ece_15": 0.17678233006559316
    }
  },
  "meta": {
    "duration_sec": 503.2583646999992,
    "n_forward_calls": 15000,
    "gpu": {
      "name": "NVIDIA GeForce RTX 4070 Laptop GPU",
      "total_mem_bytes": 8585216000,
      "capability": "8.9"
    },
    "gpu_peak_alloc_bytes": 3129367040,
    "gpu_peak_reserved_bytes": 4127195136
  }
}