{
  "thr": 0.40627753734588623,
  "thr_by_cat": {
    "sexual": 0.40627753734588623
  },
  "results": {
    "overall": {
      "acc": 0.7484,
      "prec": 0.6904798405641576,
      "rec": 0.9006198760247951,
      "f1": 0.781673030197848,
      "tp": 4504,
      "fp": 2019,
      "tn": 2980,
      "fn": 497,
      "n": 10000
    },
    "cat::sexual": {
      "acc": 0.7484,
      "prec": 0.6904798405641576,
      "rec": 0.9006198760247951,
      "f1": 0.781673030197848,
      "tp": 4504,
      "fp": 2019,
      "tn": 2980,
      "fn": 497,
      "n": 10000
    },
    "src::LSPD/anime": {
      "acc": 0.7484,
      "prec": 0.6904798405641576,
      "rec": 0.9006198760247951,
      "f1": 0.781673030197848,
      "tp": 4504,
      "fp": 2019,
      "tn": 2980,
      "fn": 497,
      "n": 10000
    },
    "overall_probs": {
      "pr_auc": 0.7689966402130421,
      "roc_auc": 0.8094418923776757,
      "ece_15": 0.08452425096556544,
      "recall_at_1pct_fpr": 0.07418516296740651,
      "recall_at_5pct_fpr": 0.21275744851029793,
      "fpr_at_90pct_recall": 0.4024804960992198,
      "fpr_at_95pct_recall": 0.514502900580116
    },
    "cat_probs::sexual": {
      "pr_auc": 0.7689966402130421,
      "roc_auc": 0.8094418923776757,
      "ece_15": 0.08452425096556544
    },
    "src_probs::LSPD/anime": {
      "pr_auc": 0.7689966402130421,
      "roc_auc": 0.8094418923776757,
      "ece_15": 0.08452425096556544
    }
  },
  "meta": {
    "duration_sec": 773.7143972000049,
    "n_forward_calls": 15000,
    "gpu": {
      "name": "NVIDIA GeForce RTX 4070 Laptop GPU",
      "total_mem_bytes": 8585216000,
      "capability": "8.9"
    },
    "gpu_peak_alloc_bytes": 3129367040,
    "gpu_peak_reserved_bytes": 4127195136
  }
}