{
  "thr": 0.8154925107955933,
  "thr_by_cat": {
    "sexual": 0.8154925107955933
  },
  "results": {
    "overall": {
      "acc": 0.9371,
      "prec": 0.9261208576998051,
      "rec": 0.9500099980003999,
      "f1": 0.937913335307472,
      "tp": 4751,
      "fp": 379,
      "tn": 4620,
      "fn": 250,
      "n": 10000
    },
    "cat::sexual": {
      "acc": 0.9371,
      "prec": 0.9261208576998051,
      "rec": 0.9500099980003999,
      "f1": 0.937913335307472,
      "tp": 4751,
      "fp": 379,
      "tn": 4620,
      "fn": 250,
      "n": 10000
    },
    "src::LSPD/normal": {
      "acc": 0.9371,
      "prec": 0.9261208576998051,
      "rec": 0.9500099980003999,
      "f1": 0.937913335307472,
      "tp": 4751,
      "fp": 379,
      "tn": 4620,
      "fn": 250,
      "n": 10000
    },
    "overall_probs": {
      "pr_auc": 0.9837735227120178,
      "roc_auc": 0.9856189394247575,
      "ece_15": 0.1700091407385655,
      "recall_at_1pct_fpr": 0.7680463907218557,
      "recall_at_5pct_fpr": 0.9188162367526495,
      "fpr_at_90pct_recall": 0.035607121424284856,
      "fpr_at_95pct_recall": 0.07541508301660332
    },
    "cat_probs::sexual": {
      "pr_auc": 0.9837735227120178,
      "roc_auc": 0.9856189394247575,
      "ece_15": 0.1700091407385655
    },
    "src_probs::LSPD/normal": {
      "pr_auc": 0.9837735227120178,
      "roc_auc": 0.9856189394247575,
      "ece_15": 0.1700091407385655
    }
  },
  "meta": {
    "duration_sec": 622.839237799999,
    "n_forward_calls": 15000,
    "gpu": {
      "name": "NVIDIA GeForce RTX 4070 Laptop GPU",
      "total_mem_bytes": 8585216000,
      "capability": "8.9"
    },
    "gpu_peak_alloc_bytes": 3724853248,
    "gpu_peak_reserved_bytes": 4263510016
  }
}