{
  "thr": 0.8951589465141296,
  "thr_by_cat": {
    "sexual": 0.8951589465141296
  },
  "results": {
    "overall": {
      "acc": 0.8528,
      "prec": 0.8297514483274154,
      "rec": 0.8878224355128974,
      "f1": 0.8578052550231839,
      "tp": 4440,
      "fp": 911,
      "tn": 4088,
      "fn": 561,
      "n": 10000
    },
    "cat::sexual": {
      "acc": 0.8528,
      "prec": 0.8297514483274154,
      "rec": 0.8878224355128974,
      "f1": 0.8578052550231839,
      "tp": 4440,
      "fp": 911,
      "tn": 4088,
      "fn": 561,
      "n": 10000
    },
    "src::LSPD/anime": {
      "acc": 0.8528,
      "prec": 0.8297514483274154,
      "rec": 0.8878224355128974,
      "f1": 0.8578052550231839,
      "tp": 4440,
      "fp": 911,
      "tn": 4088,
      "fn": 561,
      "n": 10000
    },
    "overall_probs": {
      "pr_auc": 0.9354322269993695,
      "roc_auc": 0.9351610574064424,
      "ece_15": 0.2747136021946557,
      "recall_at_1pct_fpr": 0.4403119376124775,
      "recall_at_5pct_fpr": 0.6880623875224955,
      "fpr_at_90pct_recall": 0.19663932786557312,
      "fpr_at_95pct_recall": 0.3014602920584117
    },
    "cat_probs::sexual": {
      "pr_auc": 0.9354322269993695,
      "roc_auc": 0.9351610574064424,
      "ece_15": 0.2747136021946557
    },
    "src_probs::LSPD/anime": {
      "pr_auc": 0.9354322269993695,
      "roc_auc": 0.9351610574064424,
      "ece_15": 0.2747136021946557
    }
  },
  "meta": {
    "duration_sec": 880.4190175000003,
    "n_forward_calls": 15000,
    "gpu": {
      "name": "NVIDIA GeForce RTX 4070 Laptop GPU",
      "total_mem_bytes": 8585216000,
      "capability": "8.9"
    },
    "gpu_peak_alloc_bytes": 3724853248,
    "gpu_peak_reserved_bytes": 4263510016
  }
}