{
  "thr": 0.449458509683609,
  "thr_by_cat": {
    "sexual": 0.449458509683609
  },
  "results": {
    "overall": {
      "acc": 0.9654,
      "prec": 0.9805905430518274,
      "rec": 0.9496100779844031,
      "f1": 0.9648516863063794,
      "tp": 4749,
      "fp": 94,
      "tn": 4905,
      "fn": 252,
      "n": 10000
    },
    "cat::sexual": {
      "acc": 0.9654,
      "prec": 0.9805905430518274,
      "rec": 0.9496100779844031,
      "f1": 0.9648516863063794,
      "tp": 4749,
      "fp": 94,
      "tn": 4905,
      "fn": 252,
      "n": 10000
    },
    "src::LSPD/anime": {
      "acc": 0.9654,
      "prec": 0.9805905430518274,
      "rec": 0.9496100779844031,
      "f1": 0.9648516863063794,
      "tp": 4749,
      "fp": 94,
      "tn": 4905,
      "fn": 252,
      "n": 10000
    },
    "overall_probs": {
      "pr_auc": 0.9932664687479276,
      "roc_auc": 0.9910779196431169,
      "ece_15": 0.013847140508451563,
      "recall_at_1pct_fpr": 0.9350129974005199,
      "recall_at_5pct_fpr": 0.9666066786642672,
      "fpr_at_90pct_recall": 0.003200640128025605,
      "fpr_at_95pct_recall": 0.01880376075215043
    },
    "cat_probs::sexual": {
      "pr_auc": 0.9932664687479276,
      "roc_auc": 0.9910779196431169,
      "ece_15": 0.013847140508451563
    },
    "src_probs::LSPD/anime": {
      "pr_auc": 0.9932664687479276,
      "roc_auc": 0.9910779196431169,
      "ece_15": 0.013847140508451563
    }
  },
  "meta": {
    "duration_sec": 1181.081320899997,
    "n_forward_calls": 15000,
    "gpu": {
      "name": "NVIDIA GeForce RTX 4070 Laptop GPU",
      "total_mem_bytes": 8585216000,
      "capability": "8.9"
    },
    "gpu_peak_alloc_bytes": 3970215936,
    "gpu_peak_reserved_bytes": 5215617024
  }
}