{
  "thr": 0.86572265625,
  "thr_by_cat": {
    "sexual": 0.86572265625
  },
  "results": {
    "overall": {
      "acc": 0.7529,
      "prec": 0.7028543938422065,
      "rec": 0.8764247150569886,
      "f1": 0.7801014505650974,
      "tp": 4383,
      "fp": 1853,
      "tn": 3146,
      "fn": 618,
      "n": 10000
    },
    "cat::sexual": {
      "acc": 0.7529,
      "prec": 0.7028543938422065,
      "rec": 0.8764247150569886,
      "f1": 0.7801014505650974,
      "tp": 4383,
      "fp": 1853,
      "tn": 3146,
      "fn": 618,
      "n": 10000
    },
    "src::LSPD/anime": {
      "acc": 0.7529,
      "prec": 0.7028543938422065,
      "rec": 0.8764247150569886,
      "f1": 0.7801014505650974,
      "tp": 4383,
      "fp": 1853,
      "tn": 3146,
      "fn": 618,
      "n": 10000
    },
    "overall_probs": {
      "pr_auc": 0.8901922258307527,
      "roc_auc": 0.881377875255115,
      "ece_15": 0.2617351831436157,
      "recall_at_1pct_fpr": 0.3825234953009398,
      "recall_at_5pct_fpr": 0.5930813837232554,
      "fpr_at_90pct_recall": 0.41148229645929185,
      "fpr_at_95pct_recall": 0.503500700140028
    },
    "cat_probs::sexual": {
      "pr_auc": 0.8901922258307527,
      "roc_auc": 0.881377875255115,
      "ece_15": 0.2617351831436157
    },
    "src_probs::LSPD/anime": {
      "pr_auc": 0.8901922258307527,
      "roc_auc": 0.881377875255115,
      "ece_15": 0.2617351831436157
    }
  },
  "meta": {
    "duration_sec": 1089.945169899991,
    "n_forward_calls": 15000,
    "gpu": {
      "name": "NVIDIA GeForce RTX 4070 Laptop GPU",
      "total_mem_bytes": 8585216000,
      "capability": "8.9"
    },
    "gpu_peak_alloc_bytes": 3154177024,
    "gpu_peak_reserved_bytes": 6631194624
  }
}