{
  "thr": 0.87109375,
  "thr_by_cat": {
    "sexual": 0.87109375
  },
  "results": {
    "overall": {
      "acc": 0.777291272763459,
      "prec": 0.8104672280006604,
      "rec": 0.8183030505084181,
      "f1": 0.814366290643663,
      "tp": 4909,
      "fp": 1148,
      "tn": 2902,
      "fn": 1090,
      "n": 10049
    },
    "cat::sexual": {
      "acc": 0.777291272763459,
      "prec": 0.8104672280006604,
      "rec": 0.8183030505084181,
      "f1": 0.814366290643663,
      "tp": 4909,
      "fp": 1148,
      "tn": 2902,
      "fn": 1090,
      "n": 10049
    },
    "src::NudeNet": {
      "acc": 0.777291272763459,
      "prec": 0.8104672280006604,
      "rec": 0.8183030505084181,
      "f1": 0.814366290643663,
      "tp": 4909,
      "fp": 1148,
      "tn": 2902,
      "fn": 1090,
      "n": 10049
    },
    "overall_probs": {
      "pr_auc": 0.8930076535935981,
      "roc_auc": 0.8682277498924719,
      "ece_15": 0.12457007761084152,
      "recall_at_1pct_fpr": 0.19186531088514752,
      "recall_at_5pct_fpr": 0.4282380396732789,
      "fpr_at_90pct_recall": 0.3493827160493827,
      "fpr_at_95pct_recall": 0.38765432098765434
    },
    "cat_probs::sexual": {
      "pr_auc": 0.8930076535935981,
      "roc_auc": 0.8682277498924719,
      "ece_15": 0.12457007761084152
    },
    "src_probs::NudeNet": {
      "pr_auc": 0.8930076535935981,
      "roc_auc": 0.8682277498924719,
      "ece_15": 0.12457007761084152
    }
  },
  "meta": {
    "duration_sec": 785.7898622000002,
    "n_forward_calls": 15202,
    "gpu": {
      "name": "NVIDIA GeForce RTX 4070 Laptop GPU",
      "total_mem_bytes": 8585216000,
      "capability": "8.9"
    },
    "gpu_peak_alloc_bytes": 3154177024,
    "gpu_peak_reserved_bytes": 6325010432
  }
}