{
  "thr": 0.935788773579052,
  "thr_by_cat": {
    "sexual": 0.935788773579052
  },
  "results": {
    "overall": {
      "acc": 0.7851917255297679,
      "prec": 0.7806451612903226,
      "rec": 0.7800412583806086,
      "f1": 0.7803430929962596,
      "tp": 3025,
      "fp": 850,
      "tn": 3200,
      "fn": 853,
      "n": 7928
    },
    "cat::sexual": {
      "acc": 0.7851917255297679,
      "prec": 0.7806451612903226,
      "rec": 0.7800412583806086,
      "f1": 0.7803430929962596,
      "tp": 3025,
      "fp": 850,
      "tn": 3200,
      "fn": 853,
      "n": 7928
    },
    "src::NudeNet": {
      "acc": 0.7851917255297679,
      "prec": 0.7806451612903226,
      "rec": 0.7800412583806086,
      "f1": 0.7803430929962596,
      "tp": 3025,
      "fp": 850,
      "tn": 3200,
      "fn": 853,
      "n": 7928
    },
    "overall_probs": {
      "pr_auc": 0.8876927471086992,
      "roc_auc": 0.8970131288241998,
      "ece_15": 0.18555649155685086,
      "recall_at_1pct_fpr": 0.2859721505930892,
      "recall_at_5pct_fpr": 0.573233625580196,
      "fpr_at_90pct_recall": 0.3296296296296296,
      "fpr_at_95pct_recall": 0.37358024691358027
    },
    "cat_probs::sexual": {
      "pr_auc": 0.8876927471086992,
      "roc_auc": 0.8970131288241998,
      "ece_15": 0.18555649155685086
    },
    "src_probs::NudeNet": {
      "pr_auc": 0.8876927471086992,
      "roc_auc": 0.8970131288241998,
      "ece_15": 0.18555649155685086
    }
  },
  "meta": {
    "duration_sec": 602.4337880999956,
    "n_forward_calls": 11957,
    "gpu": {
      "name": "NVIDIA GeForce RTX 4070 Laptop GPU",
      "total_mem_bytes": 8585216000,
      "capability": "8.9"
    },
    "gpu_peak_alloc_bytes": 3154177024,
    "gpu_peak_reserved_bytes": 6144655360
  }
}