{
  "thr": 0.07975561916828156,
  "thr_by_cat": {
    "sexual": 0.07975561916828156
  },
  "results": {
    "overall": {
      "acc": 0.8101,
      "prec": 0.7562789160608063,
      "rec": 0.9152169566086783,
      "f1": 0.828191441237673,
      "tp": 4577,
      "fp": 1475,
      "tn": 3524,
      "fn": 424,
      "n": 10000
    },
    "cat::sexual": {
      "acc": 0.8101,
      "prec": 0.7562789160608063,
      "rec": 0.9152169566086783,
      "f1": 0.828191441237673,
      "tp": 4577,
      "fp": 1475,
      "tn": 3524,
      "fn": 424,
      "n": 10000
    },
    "src::LSPD/normal": {
      "acc": 0.8101,
      "prec": 0.7562789160608063,
      "rec": 0.9152169566086783,
      "f1": 0.828191441237673,
      "tp": 4577,
      "fp": 1475,
      "tn": 3524,
      "fn": 424,
      "n": 10000
    },
    "overall_probs": {
      "pr_auc": 0.8005204742989989,
      "roc_auc": 0.869761874790475,
      "ece_15": 0.3085754583126894,
      "recall_at_1pct_fpr": 0.018196360727854428,
      "recall_at_5pct_fpr": 0.2555488902219556,
      "fpr_at_90pct_recall": 0.28105621124224844,
      "fpr_at_95pct_recall": 0.35647129425885177
    },
    "cat_probs::sexual": {
      "pr_auc": 0.8005204742989989,
      "roc_auc": 0.869761874790475,
      "ece_15": 0.3085754583126894
    },
    "src_probs::LSPD/normal": {
      "pr_auc": 0.8005204742989989,
      "roc_auc": 0.869761874790475,
      "ece_15": 0.3085754583126894
    }
  },
  "meta": {
    "duration_sec": 1146.5402318999986,
    "n_forward_calls": 15000,
    "gpu": {
      "name": "NVIDIA GeForce RTX 4070 Laptop GPU",
      "total_mem_bytes": 8585216000,
      "capability": "8.9"
    },
    "gpu_peak_alloc_bytes": 4240753152,
    "gpu_peak_reserved_bytes": 4779409408
  }
}