{
  "thr": 0.3809625506401062,
  "thr_by_cat": {
    "sexual": 0.3809625506401062
  },
  "results": {
    "overall": {
      "acc": 0.8773,
      "prec": 0.8606651376146789,
      "rec": 0.9004199160167966,
      "f1": 0.8800938141307534,
      "tp": 4503,
      "fp": 729,
      "tn": 4270,
      "fn": 498,
      "n": 10000
    },
    "cat::sexual": {
      "acc": 0.8773,
      "prec": 0.8606651376146789,
      "rec": 0.9004199160167966,
      "f1": 0.8800938141307534,
      "tp": 4503,
      "fp": 729,
      "tn": 4270,
      "fn": 498,
      "n": 10000
    },
    "src::LSPD/anime": {
      "acc": 0.8773,
      "prec": 0.8606651376146789,
      "rec": 0.9004199160167966,
      "f1": 0.8800938141307534,
      "tp": 4503,
      "fp": 729,
      "tn": 4270,
      "fn": 498,
      "n": 10000
    },
    "overall_probs": {
      "pr_auc": 0.9440587795495153,
      "roc_auc": 0.9443419577736782,
      "ece_15": 0.0759544421216182,
      "recall_at_1pct_fpr": 0.4217156568686263,
      "recall_at_5pct_fpr": 0.7256548690261948,
      "fpr_at_90pct_recall": 0.14482896579315863,
      "fpr_at_95pct_recall": 0.26205241048209643
    },
    "cat_probs::sexual": {
      "pr_auc": 0.9440587795495153,
      "roc_auc": 0.9443419577736782,
      "ece_15": 0.0759544421216182
    },
    "src_probs::LSPD/anime": {
      "pr_auc": 0.9440587795495153,
      "roc_auc": 0.9443419577736782,
      "ece_15": 0.0759544421216182
    }
  },
  "meta": {
    "duration_sec": 831.6011642000012,
    "n_forward_calls": 15000,
    "gpu": {
      "name": "NVIDIA GeForce RTX 4070 Laptop GPU",
      "total_mem_bytes": 8585216000,
      "capability": "8.9"
    },
    "gpu_peak_alloc_bytes": 4240753152,
    "gpu_peak_reserved_bytes": 4779409408
  }
}