{
  "thr": 0.14148764312267303,
  "thr_by_cat": {
    "sexual": 0.14148764312267303
  },
  "results": {
    "overall": {
      "acc": 0.7188446014127144,
      "prec": 0.6686438944569442,
      "rec": 0.8429602888086642,
      "f1": 0.7457511121250143,
      "tp": 3269,
      "fp": 1620,
      "tn": 2430,
      "fn": 609,
      "n": 7928
    },
    "cat::sexual": {
      "acc": 0.7188446014127144,
      "prec": 0.6686438944569442,
      "rec": 0.8429602888086642,
      "f1": 0.7457511121250143,
      "tp": 3269,
      "fp": 1620,
      "tn": 2430,
      "fn": 609,
      "n": 7928
    },
    "src::NudeNet": {
      "acc": 0.7188446014127144,
      "prec": 0.6686438944569442,
      "rec": 0.8429602888086642,
      "f1": 0.7457511121250143,
      "tp": 3269,
      "fp": 1620,
      "tn": 2430,
      "fn": 609,
      "n": 7928
    },
    "overall_probs": {
      "pr_auc": 0.7592453648520128,
      "roc_auc": 0.804397360227685,
      "ece_15": 0.1690665692218064,
      "recall_at_1pct_fpr": 0.0446106240330067,
      "recall_at_5pct_fpr": 0.26147498710675604,
      "fpr_at_90pct_recall": 0.5044444444444445,
      "fpr_at_95pct_recall": 0.6246913580246913
    },
    "cat_probs::sexual": {
      "pr_auc": 0.7592453648520128,
      "roc_auc": 0.804397360227685,
      "ece_15": 0.1690665692218064
    },
    "src_probs::NudeNet": {
      "pr_auc": 0.7592453648520128,
      "roc_auc": 0.804397360227685,
      "ece_15": 0.1690665692218064
    }
  },
  "meta": {
    "duration_sec": 465.72099570000137,
    "n_forward_calls": 11957,
    "gpu": {
      "name": "NVIDIA GeForce RTX 4070 Laptop GPU",
      "total_mem_bytes": 8585216000,
      "capability": "8.9"
    },
    "gpu_peak_alloc_bytes": 4240753152,
    "gpu_peak_reserved_bytes": 5916065792
  }
}