{
  "thr": 0.4600154018119844,
  "thr_by_cat": {
    "hate": 0.36853073309405276,
    "violence": 0.4994302539657584,
    "self-harm": 0.5350920659191204,
    "sexual": 0.3475884918569813,
    "shocking": 0.2486491119084151,
    "illegal activity": 0.5840014047497745,
    "deception": 0.4038088781638042,
    "political": 0.730162400797189,
    "public and personal health": 0.7977468643204009,
    "spam": 0.09341174926397935,
    "harassment": 0.798053503036499
  },
  "results": {
    "overall": {
      "acc": 0.6534118802160039,
      "prec": 0.5421115065243179,
      "rec": 0.5881595881595881,
      "f1": 0.5641975308641975,
      "tp": 457,
      "fp": 386,
      "tn": 874,
      "fn": 320,
      "n": 2037
    },
    "cat::deception": {
      "acc": 0.7055214723926381,
      "prec": 0.5217391304347826,
      "rec": 0.48,
      "f1": 0.4999999999999999,
      "tp": 24,
      "fp": 22,
      "tn": 91,
      "fn": 26,
      "n": 163
    },
    "cat::harassment": {
      "acc": 0.7165775401069518,
      "prec": 0.3968253968253968,
      "rec": 0.625,
      "f1": 0.4854368932038835,
      "tp": 25,
      "fp": 38,
      "tn": 109,
      "fn": 15,
      "n": 187
    },
    "cat::hate": {
      "acc": 0.7487437185929648,
      "prec": 0.23076923076923078,
      "rec": 0.3103448275862069,
      "f1": 0.2647058823529412,
      "tp": 9,
      "fp": 30,
      "tn": 140,
      "fn": 20,
      "n": 199
    },
    "cat::illegal activity": {
      "acc": 0.5348837209302325,
      "prec": 0.5465116279069767,
      "rec": 0.5340909090909091,
      "f1": 0.5402298850574713,
      "tp": 47,
      "fp": 39,
      "tn": 45,
      "fn": 41,
      "n": 172
    },
    "cat::political": {
      "acc": 0.7425149700598802,
      "prec": 0.7553191489361702,
      "rec": 0.7802197802197802,
      "f1": 0.7675675675675676,
      "tp": 71,
      "fp": 23,
      "tn": 53,
      "fn": 20,
      "n": 167
    },
    "cat::public and personal health": {
      "acc": 0.6064516129032258,
      "prec": 0.4444444444444444,
      "rec": 0.43636363636363634,
      "f1": 0.4403669724770642,
      "tp": 24,
      "fp": 30,
      "tn": 70,
      "fn": 31,
      "n": 155
    },
    "cat::self-harm": {
      "acc": 0.7638190954773869,
      "prec": 0.2631578947368421,
      "rec": 0.3448275862068966,
      "f1": 0.2985074626865672,
      "tp": 10,
      "fp": 28,
      "tn": 142,
      "fn": 19,
      "n": 199
    },
    "cat::sexual": {
      "acc": 0.6540284360189573,
      "prec": 0.7483870967741936,
      "rec": 0.7733333333333333,
      "f1": 0.7606557377049181,
      "tp": 116,
      "fp": 39,
      "tn": 22,
      "fn": 34,
      "n": 211
    },
    "cat::shocking": {
      "acc": 0.4805194805194805,
      "prec": 0.475,
      "rec": 0.5,
      "f1": 0.48717948717948717,
      "tp": 57,
      "fp": 63,
      "tn": 54,
      "fn": 57,
      "n": 231
    },
    "cat::spam": {
      "acc": 0.5875,
      "prec": 0.4,
      "rec": 0.5384615384615384,
      "f1": 0.45901639344262296,
      "tp": 28,
      "fp": 42,
      "tn": 66,
      "fn": 24,
      "n": 160
    },
    "cat::violence": {
      "acc": 0.6632124352331606,
      "prec": 0.5897435897435898,
      "rec": 0.5822784810126582,
      "f1": 0.5859872611464968,
      "tp": 46,
      "fp": 32,
      "tn": 82,
      "fn": 33,
      "n": 193
    },
    "src::Laion5B": {
      "acc": 0.6650246305418719,
      "prec": 0.5217391304347826,
      "rec": 0.6666666666666666,
      "f1": 0.5853658536585366,
      "tp": 240,
      "fp": 220,
      "tn": 435,
      "fn": 120,
      "n": 1015
    },
    "src::Lexica": {
      "acc": 0.6418786692759295,
      "prec": 0.566579634464752,
      "rec": 0.5203836930455635,
      "f1": 0.5425,
      "tp": 217,
      "fp": 166,
      "tn": 439,
      "fn": 200,
      "n": 1022
    }
  },
  "meta": {
    "duration_sec": 452.2152589999996,
    "n_forward_calls": 10146,
    "gpu": {
      "name": "NVIDIA GeForce RTX 4070 Laptop GPU",
      "total_mem_bytes": 8585216000,
      "capability": "8.9"
    },
    "gpu_peak_alloc_bytes": 4240799232,
    "gpu_peak_reserved_bytes": 5402263552
  }
}