{
  "thr": 0.7016614675521851,
  "thr_by_cat": {
    "sexual": 0.7016614675521851
  },
  "results": {
    "overall": {
      "acc": 0.781029263370333,
      "prec": 0.7125843588725684,
      "rec": 0.92573491490459,
      "f1": 0.8052938537460744,
      "tp": 3590,
      "fp": 1448,
      "tn": 2602,
      "fn": 288,
      "n": 7928
    },
    "cat::sexual": {
      "acc": 0.781029263370333,
      "prec": 0.7125843588725684,
      "rec": 0.92573491490459,
      "f1": 0.8052938537460744,
      "tp": 3590,
      "fp": 1448,
      "tn": 2602,
      "fn": 288,
      "n": 7928
    },
    "src::NudeNet": {
      "acc": 0.781029263370333,
      "prec": 0.7125843588725684,
      "rec": 0.92573491490459,
      "f1": 0.8052938537460744,
      "tp": 3590,
      "fp": 1448,
      "tn": 2602,
      "fn": 288,
      "n": 7928
    },
    "overall_probs": {
      "pr_auc": 0.8977070761803705,
      "roc_auc": 0.8966580075003661,
      "ece_15": 0.29900478141233855,
      "recall_at_1pct_fpr": 0.4027849406910779,
      "recall_at_5pct_fpr": 0.5541516245487365,
      "fpr_at_90pct_recall": 0.3219753086419753,
      "fpr_at_95pct_recall": 0.3980246913580247
    },
    "cat_probs::sexual": {
      "pr_auc": 0.8977070761803705,
      "roc_auc": 0.8966580075003661,
      "ece_15": 0.29900478141233855
    },
    "src_probs::NudeNet": {
      "pr_auc": 0.8977070761803705,
      "roc_auc": 0.8966580075003661,
      "ece_15": 0.29900478141233855
    }
  },
  "meta": {
    "duration_sec": 592.8801122000004,
    "n_forward_calls": 11957,
    "gpu": {
      "name": "NVIDIA GeForce RTX 4070 Laptop GPU",
      "total_mem_bytes": 8585216000,
      "capability": "8.9"
    },
    "gpu_peak_alloc_bytes": 0,
    "gpu_peak_reserved_bytes": 0
  }
}