{
  "thr": 0.6039917469024658,
  "thr_by_cat": {
    "sexual": 0.6039917469024658
  },
  "results": {
    "overall": {
      "acc": 0.9486629667003027,
      "prec": 0.9546764474718366,
      "rec": 0.9396596183599794,
      "f1": 0.9471085120207927,
      "tp": 3644,
      "fp": 173,
      "tn": 3877,
      "fn": 234,
      "n": 7928
    },
    "cat::sexual": {
      "acc": 0.9486629667003027,
      "prec": 0.9546764474718366,
      "rec": 0.9396596183599794,
      "f1": 0.9471085120207927,
      "tp": 3644,
      "fp": 173,
      "tn": 3877,
      "fn": 234,
      "n": 7928
    },
    "src::NudeNet": {
      "acc": 0.9486629667003027,
      "prec": 0.9546764474718366,
      "rec": 0.9396596183599794,
      "f1": 0.9471085120207927,
      "tp": 3644,
      "fp": 173,
      "tn": 3877,
      "fn": 234,
      "n": 7928
    },
    "overall_probs": {
      "pr_auc": 0.9885793549685509,
      "roc_auc": 0.9869492993079034,
      "ece_15": 0.1402830485119198,
      "recall_at_1pct_fpr": 0.8837029396596183,
      "recall_at_5pct_fpr": 0.9453326456936565,
      "fpr_at_90pct_recall": 0.01580246913580247,
      "fpr_at_95pct_recall": 0.05703703703703704
    },
    "cat_probs::sexual": {
      "pr_auc": 0.9885793549685509,
      "roc_auc": 0.9869492993079034,
      "ece_15": 0.1402830485119198
    },
    "src_probs::NudeNet": {
      "pr_auc": 0.9885793549685509,
      "roc_auc": 0.9869492993079034,
      "ece_15": 0.1402830485119198
    }
  },
  "meta": {
    "duration_sec": 174.69505909999862,
    "n_forward_calls": 11957,
    "gpu": {
      "name": "NVIDIA GeForce RTX 4070 Laptop GPU",
      "total_mem_bytes": 8585216000,
      "capability": "8.9"
    },
    "gpu_peak_alloc_bytes": 2274334208,
    "gpu_peak_reserved_bytes": 2879389696
  }
}