{
  "thr": 0.5449346303939819,
  "thr_by_cat": {
    "sexual": 0.5449346303939819
  },
  "results": {
    "overall": {
      "acc": 0.9468970736629667,
      "prec": 0.9593409513685889,
      "rec": 0.9308922124806601,
      "f1": 0.9449024996728176,
      "tp": 3610,
      "fp": 153,
      "tn": 3897,
      "fn": 268,
      "n": 7928
    },
    "cat::sexual": {
      "acc": 0.9468970736629667,
      "prec": 0.9593409513685889,
      "rec": 0.9308922124806601,
      "f1": 0.9449024996728176,
      "tp": 3610,
      "fp": 153,
      "tn": 3897,
      "fn": 268,
      "n": 7928
    },
    "src::NudeNet": {
      "acc": 0.9468970736629667,
      "prec": 0.9593409513685889,
      "rec": 0.9308922124806601,
      "f1": 0.9449024996728176,
      "tp": 3610,
      "fp": 153,
      "tn": 3897,
      "fn": 268,
      "n": 7928
    },
    "overall_probs": {
      "pr_auc": 0.987170875182225,
      "roc_auc": 0.9848567735691682,
      "ece_15": 0.18169928448111206,
      "recall_at_1pct_fpr": 0.8808664259927798,
      "recall_at_5pct_fpr": 0.9386281588447654,
      "fpr_at_90pct_recall": 0.01950617283950617,
      "fpr_at_95pct_recall": 0.0728395061728395
    },
    "cat_probs::sexual": {
      "pr_auc": 0.987170875182225,
      "roc_auc": 0.9848567735691682,
      "ece_15": 0.18169928448111206
    },
    "src_probs::NudeNet": {
      "pr_auc": 0.987170875182225,
      "roc_auc": 0.9848567735691682,
      "ece_15": 0.18169928448111206
    }
  },
  "meta": {
    "duration_sec": 230.3338064999989,
    "n_forward_calls": 11957,
    "gpu": {
      "name": "NVIDIA GeForce RTX 4070 Laptop GPU",
      "total_mem_bytes": 8585216000,
      "capability": "8.9"
    },
    "gpu_peak_alloc_bytes": 2274334208,
    "gpu_peak_reserved_bytes": 2879389696
  }
}