{
  "thr": 0.5274064203118177,
  "thr_by_cat": {
    "sexual": 0.5274064203118177
  },
  "results": {
    "overall": {
      "acc": 0.7088799192734612,
      "prec": 0.7010758196721312,
      "rec": 0.7057761732851986,
      "f1": 0.7034181444358777,
      "tp": 2737,
      "fp": 1167,
      "tn": 2883,
      "fn": 1141,
      "n": 7928
    },
    "cat::sexual": {
      "acc": 0.7088799192734612,
      "prec": 0.7010758196721312,
      "rec": 0.7057761732851986,
      "f1": 0.7034181444358777,
      "tp": 2737,
      "fp": 1167,
      "tn": 2883,
      "fn": 1141,
      "n": 7928
    },
    "src::NudeNet": {
      "acc": 0.7088799192734612,
      "prec": 0.7010758196721312,
      "rec": 0.7057761732851986,
      "f1": 0.7034181444358777,
      "tp": 2737,
      "fp": 1167,
      "tn": 2883,
      "fn": 1141,
      "n": 7928
    },
    "overall_probs": {
      "pr_auc": 0.7364270579249168,
      "roc_auc": 0.7852332244570511,
      "ece_15": 0.07255872401104772,
      "recall_at_1pct_fpr": 0.05673027333677153,
      "recall_at_5pct_fpr": 0.2065497679216091,
      "fpr_at_90pct_recall": 0.4802469135802469,
      "fpr_at_95pct_recall": 0.5804938271604938
    },
    "cat_probs::sexual": {
      "pr_auc": 0.7364270579249168,
      "roc_auc": 0.7852332244570511,
      "ece_15": 0.07255872401104772
    },
    "src_probs::NudeNet": {
      "pr_auc": 0.7364270579249168,
      "roc_auc": 0.7852332244570511,
      "ece_15": 0.07255872401104772
    }
  },
  "meta": {
    "duration_sec": 234.1282410999993,
    "n_forward_calls": 11957,
    "gpu": {
      "name": "NVIDIA GeForce RTX 4070 Laptop GPU",
      "total_mem_bytes": 8585216000,
      "capability": "8.9"
    },
    "gpu_peak_alloc_bytes": 4834267136,
    "gpu_peak_reserved_bytes": 5993660416
  }
}