{
  "thr": 0.622459352016449,
  "thr_by_cat": {},
  "results": {
    "overall": {
      "acc": 0.5642028254288597,
      "prec": 0.5318572074107546,
      "rec": 0.9105208870551831,
      "f1": 0.6714842635732623,
      "tp": 3531,
      "fp": 3108,
      "tn": 942,
      "fn": 347,
      "n": 7928
    },
    "cat::sexual": {
      "acc": 0.5642028254288597,
      "prec": 0.5318572074107546,
      "rec": 0.9105208870551831,
      "f1": 0.6714842635732623,
      "tp": 3531,
      "fp": 3108,
      "tn": 942,
      "fn": 347,
      "n": 7928
    },
    "src::NudeNet": {
      "acc": 0.5642028254288597,
      "prec": 0.5318572074107546,
      "rec": 0.9105208870551831,
      "f1": 0.6714842635732623,
      "tp": 3531,
      "fp": 3108,
      "tn": 942,
      "fn": 347,
      "n": 7928
    },
    "overall_probs": {
      "pr_auc": 0.49938867441836776,
      "roc_auc": 0.5598493878096765,
      "ece_15": 0.21076873320744088,
      "recall_at_1pct_fpr": 0.0012893243940175349,
      "recall_at_5pct_fpr": 0.012893243940175348,
      "fpr_at_90pct_recall": 0.7674074074074074,
      "fpr_at_95pct_recall": 0.8404938271604938
    },
    "cat_probs::sexual": {
      "pr_auc": 0.49938867441836776,
      "roc_auc": 0.5598493878096765,
      "ece_15": 0.21076873320744088
    },
    "src_probs::NudeNet": {
      "pr_auc": 0.49938867441836776,
      "roc_auc": 0.5598493878096765,
      "ece_15": 0.21076873320744088
    }
  },
  "meta": {
    "duration_sec": 4905.499606500001,
    "n_forward_calls": 7928,
    "gpu": {
      "name": "NVIDIA GeForce RTX 4070 Laptop GPU",
      "total_mem_bytes": 8585216000,
      "capability": "8.9"
    },
    "gpu_peak_alloc_bytes": 12038261760,
    "gpu_peak_reserved_bytes": 13658750976
  }
}