{
  "thr": 0.5883156657218933,
  "thr_by_cat": {
    "sexual": 0.5883156657218933
  },
  "results": {
    "overall": {
      "acc": 0.9644298688193743,
      "prec": 0.9764175940646529,
      "rec": 0.9502320783909232,
      "f1": 0.9631468897020387,
      "tp": 3685,
      "fp": 89,
      "tn": 3961,
      "fn": 193,
      "n": 7928
    },
    "cat::sexual": {
      "acc": 0.9644298688193743,
      "prec": 0.9764175940646529,
      "rec": 0.9502320783909232,
      "f1": 0.9631468897020387,
      "tp": 3685,
      "fp": 89,
      "tn": 3961,
      "fn": 193,
      "n": 7928
    },
    "src::NudeNet": {
      "acc": 0.9644298688193743,
      "prec": 0.9764175940646529,
      "rec": 0.9502320783909232,
      "f1": 0.9631468897020387,
      "tp": 3685,
      "fp": 89,
      "tn": 3961,
      "fn": 193,
      "n": 7928
    },
    "overall_probs": {
      "pr_auc": 0.9949004721203255,
      "roc_auc": 0.9946965153222674,
      "ece_15": 0.007226214995517769,
      "recall_at_1pct_fpr": 0.9118102114492006,
      "recall_at_5pct_fpr": 0.9744713769984528,
      "fpr_at_90pct_recall": 0.008148148148148147,
      "fpr_at_95pct_recall": 0.021728395061728394
    },
    "cat_probs::sexual": {
      "pr_auc": 0.9949004721203255,
      "roc_auc": 0.9946965153222674,
      "ece_15": 0.007226214995517769
    },
    "src_probs::NudeNet": {
      "pr_auc": 0.9949004721203255,
      "roc_auc": 0.9946965153222674,
      "ece_15": 0.007226214995517769
    }
  },
  "meta": {
    "duration_sec": 652.7035118000058,
    "n_forward_calls": 11957,
    "gpu": {
      "name": "NVIDIA GeForce RTX 4070 Laptop GPU",
      "total_mem_bytes": 8585216000,
      "capability": "8.9"
    },
    "gpu_peak_alloc_bytes": 3970215936,
    "gpu_peak_reserved_bytes": 6228541440
  }
}