{
  "thr": 0.20556640625,
  "thr_by_cat": {
    "sexual": 0.20556640625
  },
  "results": {
    "overall": {
      "acc": 0.9308779011099899,
      "prec": 0.9584251101321586,
      "rec": 0.8976276431150078,
      "f1": 0.9270306258322236,
      "tp": 3481,
      "fp": 151,
      "tn": 3899,
      "fn": 397,
      "n": 7928
    },
    "cat::sexual": {
      "acc": 0.9308779011099899,
      "prec": 0.9584251101321586,
      "rec": 0.8976276431150078,
      "f1": 0.9270306258322236,
      "tp": 3481,
      "fp": 151,
      "tn": 3899,
      "fn": 397,
      "n": 7928
    },
    "src::NudeNet": {
      "acc": 0.9308779011099899,
      "prec": 0.9584251101321586,
      "rec": 0.8976276431150078,
      "f1": 0.9270306258322236,
      "tp": 3481,
      "fp": 151,
      "tn": 3899,
      "fn": 397,
      "n": 7928
    },
    "overall_probs": {
      "pr_auc": 0.9748999797761388,
      "roc_auc": 0.9655307559579522,
      "ece_15": 0.03144280195957958,
      "recall_at_1pct_fpr": 0.8406395048994327,
      "recall_at_5pct_fpr": 0.9076843733883445,
      "fpr_at_90pct_recall": 0.039753086419753086,
      "fpr_at_95pct_recall": 0.2128395061728395
    },
    "cat_probs::sexual": {
      "pr_auc": 0.9748999797761388,
      "roc_auc": 0.9655307559579522,
      "ece_15": 0.03144280195957958
    },
    "src_probs::NudeNet": {
      "pr_auc": 0.9748999797761388,
      "roc_auc": 0.9655307559579522,
      "ece_15": 0.03144280195957958
    }
  },
  "meta": {
    "duration_sec": 887.1849758999997,
    "n_forward_calls": 11957,
    "gpu": {
      "name": "NVIDIA GeForce RTX 4070 Laptop GPU",
      "total_mem_bytes": 8585216000,
      "capability": "8.9"
    },
    "gpu_peak_alloc_bytes": 4072668672,
    "gpu_peak_reserved_bytes": 7633633280
  }
}