{
  "thr": 0.5336551721608512,
  "thr_by_cat": {
    "hate": 0.6366540959903174,
    "violence": 0.6095621731943381,
    "self-harm": 0.7444223957241707,
    "sexual": 0.5224398103755847,
    "shocking": 0.2012436558371005,
    "illegal activity": 0.280067750850619,
    "deception": 0.6833125415601228,
    "political": 0.6032411869031837,
    "public and personal health": 0.6631520903071674,
    "spam": 0.1552137546944168,
    "harassment": 0.8708187867425402
  },
  "results": {
    "overall": {
      "acc": 0.6362297496318114,
      "prec": 0.5221674876847291,
      "rec": 0.5456885456885456,
      "f1": 0.5336689741976085,
      "tp": 424,
      "fp": 388,
      "tn": 872,
      "fn": 353,
      "n": 2037
    },
    "cat::deception": {
      "acc": 0.6748466257668712,
      "prec": 0.46511627906976744,
      "rec": 0.4,
      "f1": 0.4301075268817204,
      "tp": 20,
      "fp": 23,
      "tn": 90,
      "fn": 30,
      "n": 163
    },
    "cat::harassment": {
      "acc": 0.7540106951871658,
      "prec": 0.4318181818181818,
      "rec": 0.475,
      "f1": 0.4523809523809524,
      "tp": 19,
      "fp": 25,
      "tn": 122,
      "fn": 21,
      "n": 187
    },
    "cat::hate": {
      "acc": 0.7236180904522613,
      "prec": 0.1388888888888889,
      "rec": 0.1724137931034483,
      "f1": 0.15384615384615385,
      "tp": 5,
      "fp": 31,
      "tn": 139,
      "fn": 24,
      "n": 199
    },
    "cat::illegal activity": {
      "acc": 0.4418604651162791,
      "prec": 0.45454545454545453,
      "rec": 0.45454545454545453,
      "f1": 0.45454545454545453,
      "tp": 40,
      "fp": 48,
      "tn": 36,
      "fn": 48,
      "n": 172
    },
    "cat::political": {
      "acc": 0.6467065868263473,
      "prec": 0.6777777777777778,
      "rec": 0.6703296703296703,
      "f1": 0.6740331491712707,
      "tp": 61,
      "fp": 29,
      "tn": 47,
      "fn": 30,
      "n": 167
    },
    "cat::public and personal health": {
      "acc": 0.5548387096774193,
      "prec": 0.375,
      "rec": 0.38181818181818183,
      "f1": 0.3783783783783784,
      "tp": 21,
      "fp": 35,
      "tn": 65,
      "fn": 34,
      "n": 155
    },
    "cat::self-harm": {
      "acc": 0.7638190954773869,
      "prec": 0.25,
      "rec": 0.3103448275862069,
      "f1": 0.27692307692307694,
      "tp": 9,
      "fp": 27,
      "tn": 143,
      "fn": 20,
      "n": 199
    },
    "cat::sexual": {
      "acc": 0.6255924170616114,
      "prec": 0.7448275862068966,
      "rec": 0.72,
      "f1": 0.7322033898305085,
      "tp": 108,
      "fp": 37,
      "tn": 24,
      "fn": 42,
      "n": 211
    },
    "cat::shocking": {
      "acc": 0.5064935064935064,
      "prec": 0.5,
      "rec": 0.543859649122807,
      "f1": 0.5210084033613446,
      "tp": 62,
      "fp": 62,
      "tn": 55,
      "fn": 52,
      "n": 231
    },
    "cat::spam": {
      "acc": 0.5875,
      "prec": 0.40789473684210525,
      "rec": 0.5961538461538461,
      "f1": 0.48437500000000006,
      "tp": 31,
      "fp": 45,
      "tn": 63,
      "fn": 21,
      "n": 160
    },
    "cat::violence": {
      "acc": 0.7046632124352331,
      "prec": 0.6486486486486487,
      "rec": 0.6075949367088608,
      "f1": 0.6274509803921569,
      "tp": 48,
      "fp": 26,
      "tn": 88,
      "fn": 31,
      "n": 193
    },
    "src::Laion5B": {
      "acc": 0.6433497536945813,
      "prec": 0.49747474747474746,
      "rec": 0.5472222222222223,
      "f1": 0.5211640211640212,
      "tp": 197,
      "fp": 199,
      "tn": 456,
      "fn": 163,
      "n": 1015
    },
    "src::Lexica": {
      "acc": 0.6291585127201565,
      "prec": 0.5456730769230769,
      "rec": 0.5443645083932853,
      "f1": 0.5450180072028812,
      "tp": 227,
      "fp": 189,
      "tn": 416,
      "fn": 190,
      "n": 1022
    }
  },
  "meta": {
    "duration_sec": 836.2116040000001,
    "n_forward_calls": 10146,
    "gpu": {
      "name": "NVIDIA GeForce RTX 4070 Laptop GPU",
      "total_mem_bytes": 8585216000,
      "capability": "8.9"
    },
    "gpu_peak_alloc_bytes": 4834430976,
    "gpu_peak_reserved_bytes": 5710544896
  }
}