{
  "thr": 0.5108651380339597,
  "thr_by_cat": {
    "hate": 0.7089832854632633,
    "violence": 0.44884072277194675,
    "self-harm": 0.8213774966743758,
    "sexual": 0.4716488889740031,
    "shocking": 0.43301198145617614,
    "illegal activity": 0.26291601314294805,
    "deception": 0.4929442646979547,
    "political": 0.6074531975998936,
    "public and personal health": 0.38784050951174887,
    "spam": 0.47254756261717595,
    "harassment": 0.4351805224415444
  },
  "results": {
    "overall": {
      "acc": 0.6539027982326951,
      "prec": 0.5443349753694581,
      "rec": 0.5688545688545689,
      "f1": 0.5563247325361862,
      "tp": 442,
      "fp": 370,
      "tn": 890,
      "fn": 335,
      "n": 2037
    },
    "cat::deception": {
      "acc": 0.7116564417177914,
      "prec": 0.5263157894736842,
      "rec": 0.6,
      "f1": 0.5607476635514018,
      "tp": 30,
      "fp": 27,
      "tn": 86,
      "fn": 20,
      "n": 163
    },
    "cat::harassment": {
      "acc": 0.6898395721925134,
      "prec": 0.3125,
      "rec": 0.375,
      "f1": 0.3409090909090909,
      "tp": 15,
      "fp": 33,
      "tn": 114,
      "fn": 25,
      "n": 187
    },
    "cat::hate": {
      "acc": 0.7587939698492462,
      "prec": 0.22857142857142856,
      "rec": 0.27586206896551724,
      "f1": 0.25,
      "tp": 8,
      "fp": 27,
      "tn": 143,
      "fn": 21,
      "n": 199
    },
    "cat::illegal activity": {
      "acc": 0.6453488372093024,
      "prec": 0.6483516483516484,
      "rec": 0.6704545454545454,
      "f1": 0.6592178770949721,
      "tp": 59,
      "fp": 32,
      "tn": 52,
      "fn": 29,
      "n": 172
    },
    "cat::political": {
      "acc": 0.718562874251497,
      "prec": 0.7340425531914894,
      "rec": 0.7582417582417582,
      "f1": 0.745945945945946,
      "tp": 69,
      "fp": 25,
      "tn": 51,
      "fn": 22,
      "n": 167
    },
    "cat::public and personal health": {
      "acc": 0.5870967741935483,
      "prec": 0.41509433962264153,
      "rec": 0.4,
      "f1": 0.40740740740740744,
      "tp": 22,
      "fp": 31,
      "tn": 69,
      "fn": 33,
      "n": 155
    },
    "cat::self-harm": {
      "acc": 0.6934673366834171,
      "prec": 0.13636363636363635,
      "rec": 0.20689655172413793,
      "f1": 0.16438356164383564,
      "tp": 6,
      "fp": 38,
      "tn": 132,
      "fn": 23,
      "n": 199
    },
    "cat::sexual": {
      "acc": 0.7156398104265402,
      "prec": 0.8214285714285714,
      "rec": 0.7666666666666667,
      "f1": 0.793103448275862,
      "tp": 115,
      "fp": 25,
      "tn": 36,
      "fn": 35,
      "n": 211
    },
    "cat::shocking": {
      "acc": 0.49783549783549785,
      "prec": 0.49137931034482757,
      "rec": 0.5,
      "f1": 0.49565217391304345,
      "tp": 57,
      "fp": 59,
      "tn": 58,
      "fn": 57,
      "n": 231
    },
    "cat::spam": {
      "acc": 0.55625,
      "prec": 0.3333333333333333,
      "rec": 0.36538461538461536,
      "f1": 0.34862385321100914,
      "tp": 19,
      "fp": 38,
      "tn": 70,
      "fn": 33,
      "n": 160
    },
    "cat::violence": {
      "acc": 0.6269430051813472,
      "prec": 0.5454545454545454,
      "rec": 0.5316455696202531,
      "f1": 0.5384615384615384,
      "tp": 42,
      "fp": 35,
      "tn": 79,
      "fn": 37,
      "n": 193
    },
    "src::Laion5B": {
      "acc": 0.6354679802955665,
      "prec": 0.48863636363636365,
      "rec": 0.5972222222222222,
      "f1": 0.5375000000000001,
      "tp": 215,
      "fp": 225,
      "tn": 430,
      "fn": 145,
      "n": 1015
    },
    "src::Lexica": {
      "acc": 0.6722113502935421,
      "prec": 0.6102150537634409,
      "rec": 0.5443645083932853,
      "f1": 0.5754119138149556,
      "tp": 227,
      "fp": 145,
      "tn": 460,
      "fn": 190,
      "n": 1022
    }
  },
  "meta": {
    "duration_sec": 375.1843683999996,
    "n_forward_calls": 10146,
    "gpu": {
      "name": "NVIDIA GeForce RTX 4070 Laptop GPU",
      "total_mem_bytes": 8585216000,
      "capability": "8.9"
    },
    "gpu_peak_alloc_bytes": 3129551360,
    "gpu_peak_reserved_bytes": 4041211904
  }
}