{
  "thr": 0.6926419734954834,
  "thr_by_cat": {
    "hate": 0.7310585379600525,
    "violence": 0.7057850360870361,
    "self-harm": 0.7057850360870361,
    "sexual": 0.622459352016449,
    "shocking": 0.637030839920044,
    "illegal activity": 0.7185943722724915,
    "deception": 0.6791787147521973,
    "political": 0.7185943722724915,
    "public and personal health": 0.7310585379600525,
    "spam": 0.6513549089431763,
    "harassment": 0.7310585379600525
  },
  "results": {
    "overall": {
      "acc": 0.5974472263132057,
      "prec": 0.47613762486126526,
      "rec": 0.5521235521235521,
      "f1": 0.5113230035756853,
      "tp": 429,
      "fp": 472,
      "tn": 788,
      "fn": 348,
      "n": 2037
    },
    "cat::deception": {
      "acc": 0.5950920245398773,
      "prec": 0.36666666666666664,
      "rec": 0.44,
      "f1": 0.4,
      "tp": 22,
      "fp": 38,
      "tn": 75,
      "fn": 28,
      "n": 163
    },
    "cat::harassment": {
      "acc": 0.7005347593582888,
      "prec": 0.2777777777777778,
      "rec": 0.25,
      "f1": 0.2631578947368421,
      "tp": 10,
      "fp": 26,
      "tn": 121,
      "fn": 30,
      "n": 187
    },
    "cat::hate": {
      "acc": 0.6934673366834171,
      "prec": 0.11904761904761904,
      "rec": 0.1724137931034483,
      "f1": 0.1408450704225352,
      "tp": 5,
      "fp": 37,
      "tn": 133,
      "fn": 24,
      "n": 199
    },
    "cat::illegal activity": {
      "acc": 0.45930232558139533,
      "prec": 0.4742268041237113,
      "rec": 0.5227272727272727,
      "f1": 0.49729729729729727,
      "tp": 46,
      "fp": 51,
      "tn": 33,
      "fn": 42,
      "n": 172
    },
    "cat::political": {
      "acc": 0.7005988023952096,
      "prec": 0.7157894736842105,
      "rec": 0.7472527472527473,
      "f1": 0.7311827956989246,
      "tp": 68,
      "fp": 27,
      "tn": 49,
      "fn": 23,
      "n": 167
    },
    "cat::public and personal health": {
      "acc": 0.5419354838709678,
      "prec": 0.3620689655172414,
      "rec": 0.38181818181818183,
      "f1": 0.3716814159292036,
      "tp": 21,
      "fp": 37,
      "tn": 63,
      "fn": 34,
      "n": 155
    },
    "cat::self-harm": {
      "acc": 0.6884422110552764,
      "prec": 0.0975609756097561,
      "rec": 0.13793103448275862,
      "f1": 0.1142857142857143,
      "tp": 4,
      "fp": 37,
      "tn": 133,
      "fn": 25,
      "n": 199
    },
    "cat::sexual": {
      "acc": 0.5924170616113744,
      "prec": 0.6975308641975309,
      "rec": 0.7533333333333333,
      "f1": 0.7243589743589743,
      "tp": 113,
      "fp": 49,
      "tn": 12,
      "fn": 37,
      "n": 211
    },
    "cat::shocking": {
      "acc": 0.44155844155844154,
      "prec": 0.44755244755244755,
      "rec": 0.5614035087719298,
      "f1": 0.49805447470817116,
      "tp": 64,
      "fp": 79,
      "tn": 38,
      "fn": 50,
      "n": 231
    },
    "cat::spam": {
      "acc": 0.59375,
      "prec": 0.41975308641975306,
      "rec": 0.6538461538461539,
      "f1": 0.5112781954887218,
      "tp": 34,
      "fp": 47,
      "tn": 61,
      "fn": 18,
      "n": 160
    },
    "cat::violence": {
      "acc": 0.5803108808290155,
      "prec": 0.4883720930232558,
      "rec": 0.5316455696202531,
      "f1": 0.509090909090909,
      "tp": 42,
      "fp": 44,
      "tn": 70,
      "fn": 37,
      "n": 193
    },
    "src::Laion5B": {
      "acc": 0.594088669950739,
      "prec": 0.43333333333333335,
      "rec": 0.46944444444444444,
      "f1": 0.45066666666666666,
      "tp": 169,
      "fp": 221,
      "tn": 434,
      "fn": 191,
      "n": 1015
    },
    "src::Lexica": {
      "acc": 0.6007827788649707,
      "prec": 0.5088062622309197,
      "rec": 0.6235011990407674,
      "f1": 0.560344827586207,
      "tp": 260,
      "fp": 251,
      "tn": 354,
      "fn": 157,
      "n": 1022
    }
  },
  "meta": {
    "duration_sec": 7659.450890200002,
    "n_forward_calls": 10146,
    "gpu": {
      "name": "NVIDIA GeForce RTX 4070 Laptop GPU",
      "total_mem_bytes": 8585216000,
      "capability": "8.9"
    },
    "gpu_peak_alloc_bytes": 12039081984,
    "gpu_peak_reserved_bytes": 13725859840
  }
}