{
  "thr": 0.35024046897888184,
  "thr_by_cat": {
    "sexual": 0.35024046897888184
  },
  "results": {
    "overall": {
      "acc": 0.9569,
      "prec": 0.935902327355971,
      "rec": 0.981003799240152,
      "f1": 0.957922483647369,
      "tp": 4906,
      "fp": 336,
      "tn": 4663,
      "fn": 95,
      "n": 10000
    },
    "cat::sexual": {
      "acc": 0.9569,
      "prec": 0.935902327355971,
      "rec": 0.981003799240152,
      "f1": 0.957922483647369,
      "tp": 4906,
      "fp": 336,
      "tn": 4663,
      "fn": 95,
      "n": 10000
    },
    "src::LSPD/normal": {
      "acc": 0.9569,
      "prec": 0.935902327355971,
      "rec": 0.981003799240152,
      "f1": 0.957922483647369,
      "tp": 4906,
      "fp": 336,
      "tn": 4663,
      "fn": 95,
      "n": 10000
    },
    "overall_probs": {
      "pr_auc": 0.986113861053515,
      "roc_auc": 0.9894936395797456,
      "ece_15": 0.14889740652578184,
      "recall_at_1pct_fpr": 0.7308538292341532,
      "recall_at_5pct_fpr": 0.9668066386722656,
      "fpr_at_90pct_recall": 0.02480496099219844,
      "fpr_at_95pct_recall": 0.04040808161632326
    },
    "cat_probs::sexual": {
      "pr_auc": 0.986113861053515,
      "roc_auc": 0.9894936395797456,
      "ece_15": 0.14889740652578184
    },
    "src_probs::LSPD/normal": {
      "pr_auc": 0.986113861053515,
      "roc_auc": 0.9894936395797456,
      "ece_15": 0.14889740652578184
    }
  },
  "meta": {
    "duration_sec": 394.5278670000007,
    "n_forward_calls": 15000,
    "gpu": {
      "name": "NVIDIA GeForce RTX 4070 Laptop GPU",
      "total_mem_bytes": 8585216000,
      "capability": "8.9"
    },
    "gpu_peak_alloc_bytes": 2781170688,
    "gpu_peak_reserved_bytes": 3433037824
  }
}