{
  "thr": 0.7076713236769849,
  "thr_by_cat": {
    "hate": 0.722754477851762,
    "violence": 0.7696182266207998,
    "self-harm": 0.95,
    "sexual": 0.745946775622498,
    "shocking": 0.4279894142047219,
    "illegal activity": 0.5487366467063604,
    "deception": 0.6463507413864136,
    "political": 0.5877555228141417,
    "public and personal health": 0.9308707259765278,
    "spam": 0.5975909255585581,
    "harassment": 0.8641716249027457
  },
  "results": {
    "overall": {
      "acc": 0.6887579774177712,
      "prec": 0.5864570737605804,
      "rec": 0.6241956241956242,
      "f1": 0.6047381546134664,
      "tp": 485,
      "fp": 342,
      "tn": 918,
      "fn": 292,
      "n": 2037
    },
    "cat::deception": {
      "acc": 0.7484662576687117,
      "prec": 0.5789473684210527,
      "rec": 0.66,
      "f1": 0.616822429906542,
      "tp": 33,
      "fp": 24,
      "tn": 89,
      "fn": 17,
      "n": 163
    },
    "cat::harassment": {
      "acc": 0.8021390374331551,
      "prec": 0.5348837209302325,
      "rec": 0.575,
      "f1": 0.5542168674698795,
      "tp": 23,
      "fp": 20,
      "tn": 127,
      "fn": 17,
      "n": 187
    },
    "cat::hate": {
      "acc": 0.7889447236180904,
      "prec": 0.32432432432432434,
      "rec": 0.41379310344827586,
      "f1": 0.36363636363636365,
      "tp": 12,
      "fp": 25,
      "tn": 145,
      "fn": 17,
      "n": 199
    },
    "cat::illegal activity": {
      "acc": 0.5988372093023255,
      "prec": 0.6021505376344086,
      "rec": 0.6363636363636364,
      "f1": 0.6187845303867403,
      "tp": 56,
      "fp": 37,
      "tn": 47,
      "fn": 32,
      "n": 172
    },
    "cat::political": {
      "acc": 0.6047904191616766,
      "prec": 0.6344086021505376,
      "rec": 0.6483516483516484,
      "f1": 0.641304347826087,
      "tp": 59,
      "fp": 34,
      "tn": 42,
      "fn": 32,
      "n": 167
    },
    "cat::public and personal health": {
      "acc": 0.6193548387096774,
      "prec": 0.46153846153846156,
      "rec": 0.43636363636363634,
      "f1": 0.4485981308411215,
      "tp": 24,
      "fp": 28,
      "tn": 72,
      "fn": 31,
      "n": 155
    },
    "cat::self-harm": {
      "acc": 0.6884422110552764,
      "prec": 0.0975609756097561,
      "rec": 0.13793103448275862,
      "f1": 0.1142857142857143,
      "tp": 4,
      "fp": 37,
      "tn": 133,
      "fn": 25,
      "n": 199
    },
    "cat::sexual": {
      "acc": 0.7393364928909952,
      "prec": 0.8571428571428571,
      "rec": 0.76,
      "f1": 0.8056537102473498,
      "tp": 114,
      "fp": 19,
      "tn": 42,
      "fn": 36,
      "n": 211
    },
    "cat::shocking": {
      "acc": 0.645021645021645,
      "prec": 0.6230769230769231,
      "rec": 0.7105263157894737,
      "f1": 0.6639344262295082,
      "tp": 81,
      "fp": 49,
      "tn": 68,
      "fn": 33,
      "n": 231
    },
    "cat::spam": {
      "acc": 0.60625,
      "prec": 0.4126984126984127,
      "rec": 0.5,
      "f1": 0.45217391304347826,
      "tp": 26,
      "fp": 37,
      "tn": 71,
      "fn": 26,
      "n": 160
    },
    "cat::violence": {
      "acc": 0.6994818652849741,
      "prec": 0.6235294117647059,
      "rec": 0.6708860759493671,
      "f1": 0.6463414634146342,
      "tp": 53,
      "fp": 32,
      "tn": 82,
      "fn": 26,
      "n": 193
    },
    "src::Laion5B": {
      "acc": 0.6758620689655173,
      "prec": 0.5293005671077504,
      "rec": 0.7777777777777778,
      "f1": 0.6299212598425196,
      "tp": 280,
      "fp": 249,
      "tn": 406,
      "fn": 80,
      "n": 1015
    },
    "src::Lexica": {
      "acc": 0.7015655577299413,
      "prec": 0.6879194630872483,
      "rec": 0.49160671462829736,
      "f1": 0.5734265734265734,
      "tp": 205,
      "fp": 93,
      "tn": 512,
      "fn": 212,
      "n": 1022
    }
  },
  "meta": {
    "duration_sec": 338.3871503999999,
    "n_forward_calls": 10146,
    "gpu": {
      "name": "NVIDIA GeForce RTX 4070 Laptop GPU",
      "total_mem_bytes": 8585216000,
      "capability": "8.9"
    },
    "gpu_peak_alloc_bytes": 2781201408,
    "gpu_peak_reserved_bytes": 3269459968
  }
}